{
    "parent": "minecraft:block/stone",
    "overrides": [
        {
          "predicate": {
            "custom_model_data": 11
          },
          "model": "chess:item/white_pawn"
        },
        {
            "predicate": {
              "custom_model_data": 12
            },
            "model": "chess:item/white_rook"
        },
        {
            "predicate": {
              "custom_model_data": 13
            },
            "model": "chess:item/white_knight"
        },
        {
            "predicate": {
              "custom_model_data": 14
            },
            "model": "chess:item/white_bishop"
        },
        {
            "predicate": {
              "custom_model_data": 15
            },
            "model": "chess:item/white_queen"
        },
        {
            "predicate": {
              "custom_model_data": 16
            },
            "model": "chess:item/white_king"
        },
        {
            "predicate": {
              "custom_model_data": 17
            },
            "model": "chess:item/white_crown"
        },
        {
            "predicate": {
              "custom_model_data": 21
            },
            "model": "chess:item/black_pawn"
        },
        {
            "predicate": {
              "custom_model_data": 22
            },
            "model": "chess:item/black_rook"
        },
        {
            "predicate": {
              "custom_model_data": 23
            },
            "model": "chess:item/black_knight"
        },
        {
            "predicate": {
              "custom_model_data": 24
            },
            "model": "chess:item/black_bishop"
        },
        {
            "predicate": {
              "custom_model_data": 25
            },
            "model": "chess:item/black_queen"
        },
        {
            "predicate": {
              "custom_model_data": 26
            },
            "model": "chess:item/black_king"
        },
        {
            "predicate": {
              "custom_model_data": 27
            },
            "model": "chess:item/black_crown"
        },
		{
            "predicate": {
              "custom_model_data": 31
            },
            "model": "chess:item/square"
        }
    ]
}