{
	"credit": "Made with Blockbench",
	"parent": "leather_horse_armor",
	"texture_size": [65, 65],
	"textures": {
		"1": "custom/ctpsign"
	},
	"elements": [
		{
			"from": [-8, 0, 7],
			"to": [24, 16, 9],
			"faces": {
				"north": {"uv": [0, 0, 7.87692, 3.93846], "texture": "#1"},
				"east": {"uv": [7.87692, 0.73846, 8.37317, 4.67692], "texture": "#1"},
				"south": {"uv": [0, 3.93846, 7.87692, 7.87692], "texture": "#1"},
				"west": {"uv": [7.87692, 4.67692, 8.37317, 8.61538], "texture": "#1"},
				"up": {"uv": [7.87692, 8.37317, 0, 7.87692], "texture": "#1"},
				"down": {"uv": [15.75385, 0, 7.87692, 0.49625], "texture": "#1"}
			}
		}
	],
	"display": {
		"thirdperson_righthand": {
			"translation": [0, 5, 3]
		},
		"thirdperson_lefthand": {
			"translation": [0, 3.75, 1.5]
		},
		"firstperson_righthand": {
			"rotation": [0, 180, 0],
			"translation": [4.75, 2.5, 0]
		},
		"firstperson_lefthand": {
			"rotation": [0, 180, 0]
		},
		"gui": {
			"rotation": [0, -180, 0]
		},
		"head": {
			"translation": [0, 11.75, 0]
		},
		"fixed": {
			"rotation": [0, -180, 0],
			"translation": [-26, 12.5, 30.25],
			"scale": [6, 6, 6]
		}
	}
}