{
	"credit": "Made with Blockbench",
	"parent": "leather_horse_armor",
	"texture_size": [64, 64],
	"textures": {
		"0": "custom/pig_mask",
		"particle": "custom/pig_mask"
	},
	"elements": [
		{
			"from": [0, 0, 0],
			"to": [16, 16, 3],
			"faces": {
				"north": {"uv": [0, 0, 4, 4], "texture": "#0"},
				"east": {"uv": [4, 0, 4.75, 4], "texture": "#0"},
				"south": {"uv": [0, 4, 4, 8], "texture": "#0"},
				"west": {"uv": [4, 4, 4.75, 8], "texture": "#0"},
				"up": {"uv": [8.75, 0.75, 4.75, 0], "texture": "#0"},
				"down": {"uv": [8.75, 0.75, 4.75, 1.5], "texture": "#0"}
			}
		},
		{
			"from": [0, 8, 3],
			"to": [2, 10, 17],
			"faces": {
				"north": {"uv": [6.25, 6, 6.75, 6.5], "texture": "#0"},
				"east": {"uv": [4.75, 1.5, 8.25, 2], "texture": "#0"},
				"south": {"uv": [5.25, 6.5, 5.75, 7], "texture": "#0"},
				"west": {"uv": [4.75, 2, 8.25, 2.5], "texture": "#0"},
				"up": {"uv": [5.25, 6, 4.75, 2.5], "texture": "#0"},
				"down": {"uv": [5.75, 2.5, 5.25, 6], "texture": "#0"}
			}
		},
		{
			"from": [2, 8, 15],
			"to": [16, 10, 17],
			"faces": {
				"north": {"uv": [5.75, 2.5, 9.25, 3], "texture": "#0"},
				"east": {"uv": [6.25, 6.5, 6.75, 7], "texture": "#0"},
				"south": {"uv": [5.75, 3, 9.25, 3.5], "texture": "#0"},
				"west": {"uv": [6.75, 5.5, 7.25, 6], "texture": "#0"},
				"up": {"uv": [9.25, 4, 5.75, 3.5], "texture": "#0"},
				"down": {"uv": [9.25, 4, 5.75, 4.5], "texture": "#0"}
			}
		},
		{
			"from": [14, 8, 3],
			"to": [16, 10, 15],
			"faces": {
				"north": {"uv": [5.25, 6, 5.75, 6.5], "texture": "#0"},
				"east": {"uv": [5.75, 4.5, 8.75, 5], "texture": "#0"},
				"south": {"uv": [6.25, 5.5, 6.75, 6], "texture": "#0"},
				"west": {"uv": [5.75, 5, 8.75, 5.5], "texture": "#0"},
				"up": {"uv": [6.25, 8.5, 5.75, 5.5], "texture": "#0"},
				"down": {"uv": [5.25, 6, 4.75, 9], "texture": "#0"}
			}
		}
	],
	"gui_light": "front",
	"display": {
		"thirdperson_righthand": {
			"rotation": [90, 0, 0],
			"scale": [0.5, 0.5, 0.5]
		},
		"thirdperson_lefthand": {
			"rotation": [90, 0, 0],
			"scale": [0.5, 0.5, 0.5]
		},
		"firstperson_righthand": {
			"rotation": [0, 145, 0],
			"translation": [0, 1.75, 0],
			"scale": [0.5, 0.5, 0.5]
		},
		"firstperson_lefthand": {
			"rotation": [0, 145, 0],
			"translation": [0, 1.75, 0],
			"scale": [0.5, 0.5, 0.5]
		},
		"ground": {
			"translation": [0, 0.25, 0],
			"scale": [0.5, 0.5, 0.5]
		},
		"gui": {
			"rotation": [0, -180, 0]
		},
		"fixed": {
			"translation": [0, 0, 6.25]
		}
	}
}