{
    "credit": "CLMilkshake",

    "parent": "minecraft:item/generated",

    
    "textures": {
        "layer0": "item/dead_bush"
    },


    "overrides":
    [
        
        {
            "predicate":
            {
                "custom_model_data":100
            },
                "model": "custom/kiah"
        },
        {
            "predicate":
            {
                "custom_model_data":101
            },
                "model": "custom/kiahStatue"
        }
    ]
}
