{
    "providers": [
        {
            "type": "bitmap",
            "file": "minecraft:font/rank1.png",
            "ascent": -3,
            "height": 8,
            "chars": [
                "\uE010"
            ]
        },
        {
            "type": "bitmap",
            "file": "minecraft:font/blankspace.png",
            "ascent": 10,
            "height": 10000,
            "chars": [
                "\uE000"
            ]
        },
        {
            "type": "bitmap",
            "file": "minecraft:font/rank2.png",
            "ascent": 2,
            "height": 16,
            "chars": [
                "\uE200"
            ]
        },
        {
            "type": "bitmap",
            "file": "minecraft:font/glasses1.png",
            "ascent": -1,
            "height": 10,
            "chars": [
                "\uE001"
            ]
        },
        {
            "type": "bitmap",
            "file": "minecraft:font/glasses2.png",
            "ascent": -1,
            "height": 10,
            "chars": [
                "\uE002"
            ]
        },
        {
            "type": "bitmap",
            "file": "minecraft:font/glasses3.png",
            "ascent": -1,
            "height": 10,
            "chars": [
                "\uE003"
            ]
        },
        {
            "type": "bitmap",
            "file": "minecraft:font/glasses4.png",
            "ascent": -1,
            "height": 10,
            "chars": [
                "\uE004"
            ]
        },
        {
            "type": "bitmap",
            "file": "minecraft:font/glasses5.png",
            "ascent": -1,
            "height": 10,
            "chars": [
                "\uE005"
            ]
        },
        {
            "type": "bitmap",
            "file": "minecraft:font/glasses1.png",
            "ascent": 8,
            "height": 10,
            "chars": [
                "\uE011"
            ]
        },
        {
            "type": "bitmap",
            "file": "minecraft:font/glasses2.png",
            "ascent": 8,
            "height": 10,
            "chars": [
                "\uE012"
            ]
        },
        {
            "type": "bitmap",
            "file": "minecraft:font/glasses3.png",
            "ascent": 8,
            "height": 10,
            "chars": [
                "\uE013"
            ]
        },
        {
            "type": "bitmap",
            "file": "minecraft:font/glasses4.png",
            "ascent": 8,
            "height": 10,
            "chars": [
                "\uE014"
            ]
        },
        {
            "type": "bitmap",
            "file": "minecraft:font/glasses5.png",
            "ascent": 8,
            "height": 10,
            "chars": [
                "\uE015"
            ]
        },
        {
            "type": "bitmap",
            "file": "minecraft:font/testboard.png",
            "ascent": 8,
            "height": 100,
            "chars": [
                "\uE999"
            ]
        }
    ]
}