{
    "providers": [
        {
            "type": "bitmap",
            "file": "minecraft:font/rank1.png",
            "ascent": -3,
            "height": 8,
            "chars": [
                "\uE010"
            ]
        },
        {
            "type": "bitmap",
            "file": "minecraft:font/blankspace.png",
            "ascent": 10,
            "height": 10000,
            "chars": [
                "\uE000"
            ]
        },
        {
            "type": "bitmap",
            "file": "minecraft:font/testboard.png",
            "ascent": 8,
            "height": 100,
            "chars": [
                "\uE999"
            ]
        },
        {
            "type": "bitmap",
            "file": "minecraft:font/testteam.png",
            "ascent": 8,
            "height": 8,
            "chars": [
                "\uE001"
            ]
        }
    ]
}