{
	"credit": "Made with Blockbench",
	"texture_size": [256, 256],
	"textures": {
		"0": "custom/wheel",
		"1": "custom/bus",
		"2": "custom/driverChair",
		"3": "custom/floor",
		"particle": "custom/wheel"
	},
	"elements": [
		{
			"from": [0, 3, -16],
			"to": [16, 19, -16],
			"faces": {
				"north": {"uv": [4, 4, 6, 6], "texture": "#1"},
				"east": {"uv": [0, 0, 6, 2], "texture": "#1"},
				"south": {"uv": [6, 0, 8, 2], "texture": "#1"},
				"west": {"uv": [0, 0, 6, 2], "texture": "#1"},
				"up": {"uv": [2, 10.0625, 0, 4.0625], "texture": "#1"},
				"down": {"uv": [4, 4, 2, 10], "texture": "#1"}
			}
		},
		{
			"from": [0, 19, -16],
			"to": [16, 19, 32],
			"faces": {
				"north": {"uv": [4, 4, 6, 6], "texture": "#1"},
				"east": {"uv": [0, 0, 6, 2], "texture": "#1"},
				"south": {"uv": [6, 0, 8, 2], "texture": "#1"},
				"west": {"uv": [0, 2, 6, 4], "texture": "#1"},
				"up": {"uv": [5.9375, 3.9375, 0, 2.1875], "texture": "#1"},
				"down": {"uv": [4, 4, 2, 10], "texture": "#1"}
			}
		},
		{
			"from": [0, 3, -16],
			"to": [0, 19, 32],
			"faces": {
				"north": {"uv": [4, 4, 6, 6], "texture": "#1"},
				"east": {"uv": [0, 0, 6, 2], "texture": "#1"},
				"south": {"uv": [6, 0, 8, 2], "texture": "#1"},
				"west": {"uv": [0, 0, 6, 2], "texture": "#1"},
				"up": {"uv": [2, 10.0625, 0, 4.0625], "texture": "#1"},
				"down": {"uv": [4, 4, 2, 10], "texture": "#1"}
			}
		},
		{
			"from": [16, 3, -16],
			"to": [16, 19, 32],
			"faces": {
				"north": {"uv": [4, 4, 6, 6], "texture": "#1"},
				"east": {"uv": [0, 0, 6, 2], "texture": "#1"},
				"south": {"uv": [6, 0, 8, 2], "texture": "#1"},
				"west": {"uv": [0, 0, 6, 2], "texture": "#1"},
				"up": {"uv": [2, 10.0625, 0, 4.0625], "texture": "#1"},
				"down": {"uv": [4, 4, 2, 10], "texture": "#1"}
			}
		},
		{
			"from": [0, 3, 32],
			"to": [16, 19, 32],
			"faces": {
				"north": {"uv": [0, 4.0625, 2, 6.0625], "texture": "#1"},
				"east": {"uv": [0, 0, 6, 2], "texture": "#1"},
				"south": {"uv": [6, 0, 8, 2], "texture": "#1"},
				"west": {"uv": [0, 0, 6, 2], "texture": "#1"},
				"up": {"uv": [2, 10.0625, 0, 4.0625], "texture": "#1"},
				"down": {"uv": [4, 4, 2, 10], "texture": "#1"}
			}
		},
		{
			"from": [-0.1, 0, 21],
			"to": [1.9, 6, 27],
			"faces": {
				"north": {"uv": [6, 0, 7, 3], "texture": "#0"},
				"east": {"uv": [3, 3, 6, 6], "texture": "#0"},
				"south": {"uv": [0, 6, 1, 9], "texture": "#0"},
				"west": {"uv": [0, 3, 3, 6], "texture": "#0"},
				"up": {"uv": [2, 9, 1, 6], "rotation": 180, "texture": "#0"},
				"down": {"uv": [3, 6, 2, 9], "rotation": 180, "texture": "#0"}
			}
		},
		{
			"from": [-0.1, 0, -10],
			"to": [1.9, 6, -4],
			"faces": {
				"north": {"uv": [6, 0, 7, 3], "texture": "#0"},
				"east": {"uv": [3, 3, 6, 6], "texture": "#0"},
				"south": {"uv": [0, 6, 1, 9], "texture": "#0"},
				"west": {"uv": [0, 3, 3, 6], "texture": "#0"},
				"up": {"uv": [2, 9, 1, 6], "rotation": 180, "texture": "#0"},
				"down": {"uv": [3, 6, 2, 9], "rotation": 180, "texture": "#0"}
			}
		},
		{
			"from": [14.1, 0, 21],
			"to": [16.1, 6, 27],
			"faces": {
				"north": {"uv": [0, 6, 1, 9], "texture": "#0"},
				"east": {"uv": [0, 3, 3, 6], "texture": "#0"},
				"south": {"uv": [6, 0, 7, 3], "texture": "#0"},
				"west": {"uv": [3, 3, 6, 6], "texture": "#0"},
				"up": {"uv": [2, 9, 1, 6], "texture": "#0"},
				"down": {"uv": [3, 6, 2, 9], "texture": "#0"}
			}
		},
		{
			"from": [14.1, 0, -11],
			"to": [16.1, 6, -5],
			"faces": {
				"north": {"uv": [0, 6, 1, 9], "texture": "#0"},
				"east": {"uv": [0, 3, 3, 6], "texture": "#0"},
				"south": {"uv": [6, 0, 7, 3], "texture": "#0"},
				"west": {"uv": [3, 3, 6, 6], "texture": "#0"},
				"up": {"uv": [2, 9, 1, 6], "texture": "#0"},
				"down": {"uv": [3, 6, 2, 9], "texture": "#0"}
			}
		},
		{
			"name": "Floor",
			"from": [0, 4, -16],
			"to": [16, 4, 32],
			"faces": {
				"north": {"uv": [0, 0, 4, 0], "texture": "#3"},
				"east": {"uv": [0, 0, 11.75, 0], "texture": "#3"},
				"south": {"uv": [0, 0, 4, 0], "texture": "#3"},
				"west": {"uv": [0, 0, 11.75, 0], "texture": "#3"},
				"up": {"uv": [4, 11.75, 0, 0], "texture": "#3"},
				"down": {"uv": [8, 0, 4, 11.75], "texture": "#3"}
			}
		},
		{
			"from": [2, 5, -13],
			"to": [6, 6, -9],
			"faces": {
				"north": {"uv": [9, 0, 13, 1], "texture": "#2"},
				"east": {"uv": [9, 1, 13, 2], "texture": "#2"},
				"south": {"uv": [9, 2, 13, 3], "texture": "#2"},
				"west": {"uv": [9, 3, 13, 4], "texture": "#2"},
				"up": {"uv": [4, 10, 0, 6], "texture": "#2"},
				"down": {"uv": [8, 6, 4, 10], "texture": "#2"}
			}
		},
		{
			"from": [2, 5, -9],
			"to": [6, 11, -8],
			"faces": {
				"north": {"uv": [0, 0, 4, 6], "texture": "#2"},
				"east": {"uv": [8, 0, 9, 6], "texture": "#2"},
				"south": {"uv": [0, 0, 4, 6], "texture": "#2"},
				"west": {"uv": [8, 6, 9, 12], "texture": "#2"},
				"up": {"uv": [13, 5, 9, 4], "texture": "#2"},
				"down": {"uv": [13, 5, 9, 6], "texture": "#2"}
			}
		},
		{
			"from": [1, 5, 2],
			"to": [5, 11, 3],
			"faces": {
				"north": {"uv": [0, 0, 4, 6], "texture": "#2"},
				"east": {"uv": [8, 0, 9, 6], "texture": "#2"},
				"south": {"uv": [0, 0, 4, 6], "texture": "#2"},
				"west": {"uv": [8, 6, 9, 12], "texture": "#2"},
				"up": {"uv": [13, 5, 9, 4], "texture": "#2"},
				"down": {"uv": [13, 5, 9, 6], "texture": "#2"}
			}
		},
		{
			"from": [1, 5, -2],
			"to": [5, 6, 2],
			"faces": {
				"north": {"uv": [9, 0, 13, 1], "texture": "#2"},
				"east": {"uv": [9, 1, 13, 2], "texture": "#2"},
				"south": {"uv": [9, 2, 13, 3], "texture": "#2"},
				"west": {"uv": [9, 3, 13, 4], "texture": "#2"},
				"up": {"uv": [4, 10, 0, 6], "texture": "#2"},
				"down": {"uv": [8, 6, 4, 10], "texture": "#2"}
			}
		},
		{
			"from": [5, 5, 2],
			"to": [9, 11, 3],
			"faces": {
				"north": {"uv": [0, 0, 4, 6], "texture": "#2"},
				"east": {"uv": [8, 0, 9, 6], "texture": "#2"},
				"south": {"uv": [0, 0, 4, 6], "texture": "#2"},
				"west": {"uv": [8, 6, 9, 12], "texture": "#2"},
				"up": {"uv": [13, 5, 9, 4], "texture": "#2"},
				"down": {"uv": [13, 5, 9, 6], "texture": "#2"}
			}
		},
		{
			"from": [5, 5, -2],
			"to": [9, 6, 2],
			"faces": {
				"north": {"uv": [9, 0, 13, 1], "texture": "#2"},
				"east": {"uv": [9, 1, 13, 2], "texture": "#2"},
				"south": {"uv": [9, 2, 13, 3], "texture": "#2"},
				"west": {"uv": [9, 3, 13, 4], "texture": "#2"},
				"up": {"uv": [4, 10, 0, 6], "texture": "#2"},
				"down": {"uv": [8, 6, 4, 10], "texture": "#2"}
			}
		},
		{
			"from": [5, 5, 7],
			"to": [9, 6, 11],
			"faces": {
				"north": {"uv": [9, 0, 13, 1], "texture": "#2"},
				"east": {"uv": [9, 1, 13, 2], "texture": "#2"},
				"south": {"uv": [9, 2, 13, 3], "texture": "#2"},
				"west": {"uv": [9, 3, 13, 4], "texture": "#2"},
				"up": {"uv": [4, 10, 0, 6], "texture": "#2"},
				"down": {"uv": [8, 6, 4, 10], "texture": "#2"}
			}
		},
		{
			"from": [1, 5, 7],
			"to": [5, 6, 11],
			"faces": {
				"north": {"uv": [9, 0, 13, 1], "texture": "#2"},
				"east": {"uv": [9, 1, 13, 2], "texture": "#2"},
				"south": {"uv": [9, 2, 13, 3], "texture": "#2"},
				"west": {"uv": [9, 3, 13, 4], "texture": "#2"},
				"up": {"uv": [4, 10, 0, 6], "texture": "#2"},
				"down": {"uv": [8, 6, 4, 10], "texture": "#2"}
			}
		},
		{
			"from": [1, 5, 11],
			"to": [5, 11, 12],
			"faces": {
				"north": {"uv": [0, 0, 4, 6], "texture": "#2"},
				"east": {"uv": [8, 0, 9, 6], "texture": "#2"},
				"south": {"uv": [0, 0, 4, 6], "texture": "#2"},
				"west": {"uv": [8, 6, 9, 12], "texture": "#2"},
				"up": {"uv": [13, 5, 9, 4], "texture": "#2"},
				"down": {"uv": [13, 5, 9, 6], "texture": "#2"}
			}
		},
		{
			"from": [5, 5, 11],
			"to": [9, 11, 12],
			"faces": {
				"north": {"uv": [0, 0, 4, 6], "texture": "#2"},
				"east": {"uv": [8, 0, 9, 6], "texture": "#2"},
				"south": {"uv": [0, 0, 4, 6], "texture": "#2"},
				"west": {"uv": [8, 6, 9, 12], "texture": "#2"},
				"up": {"uv": [13, 5, 9, 4], "texture": "#2"},
				"down": {"uv": [13, 5, 9, 6], "texture": "#2"}
			}
		},
		{
			"from": [5, 5, 16],
			"to": [9, 6, 20],
			"faces": {
				"north": {"uv": [9, 0, 13, 1], "texture": "#2"},
				"east": {"uv": [9, 1, 13, 2], "texture": "#2"},
				"south": {"uv": [9, 2, 13, 3], "texture": "#2"},
				"west": {"uv": [9, 3, 13, 4], "texture": "#2"},
				"up": {"uv": [4, 10, 0, 6], "texture": "#2"},
				"down": {"uv": [8, 6, 4, 10], "texture": "#2"}
			}
		},
		{
			"from": [1, 5, 16],
			"to": [5, 6, 20],
			"faces": {
				"north": {"uv": [9, 0, 13, 1], "texture": "#2"},
				"east": {"uv": [9, 1, 13, 2], "texture": "#2"},
				"south": {"uv": [9, 2, 13, 3], "texture": "#2"},
				"west": {"uv": [9, 3, 13, 4], "texture": "#2"},
				"up": {"uv": [4, 10, 0, 6], "texture": "#2"},
				"down": {"uv": [8, 6, 4, 10], "texture": "#2"}
			}
		},
		{
			"from": [1, 5, 20],
			"to": [5, 11, 21],
			"faces": {
				"north": {"uv": [0, 0, 4, 6], "texture": "#2"},
				"east": {"uv": [8, 0, 9, 6], "texture": "#2"},
				"south": {"uv": [0, 0, 4, 6], "texture": "#2"},
				"west": {"uv": [8, 6, 9, 12], "texture": "#2"},
				"up": {"uv": [13, 5, 9, 4], "texture": "#2"},
				"down": {"uv": [13, 5, 9, 6], "texture": "#2"}
			}
		},
		{
			"from": [5, 5, 20],
			"to": [9, 11, 21],
			"faces": {
				"north": {"uv": [0, 0, 4, 6], "texture": "#2"},
				"east": {"uv": [8, 0, 9, 6], "texture": "#2"},
				"south": {"uv": [0, 0, 4, 6], "texture": "#2"},
				"west": {"uv": [8, 6, 9, 12], "texture": "#2"},
				"up": {"uv": [13, 5, 9, 4], "texture": "#2"},
				"down": {"uv": [13, 5, 9, 6], "texture": "#2"}
			}
		},
		{
			"from": [5, 5, 26],
			"to": [9, 6, 30],
			"faces": {
				"north": {"uv": [9, 0, 13, 1], "texture": "#2"},
				"east": {"uv": [9, 1, 13, 2], "texture": "#2"},
				"south": {"uv": [9, 2, 13, 3], "texture": "#2"},
				"west": {"uv": [9, 3, 13, 4], "texture": "#2"},
				"up": {"uv": [4, 10, 0, 6], "texture": "#2"},
				"down": {"uv": [8, 6, 4, 10], "texture": "#2"}
			}
		},
		{
			"from": [1, 5, 26],
			"to": [5, 6, 30],
			"faces": {
				"north": {"uv": [9, 0, 13, 1], "texture": "#2"},
				"east": {"uv": [9, 1, 13, 2], "texture": "#2"},
				"south": {"uv": [9, 2, 13, 3], "texture": "#2"},
				"west": {"uv": [9, 3, 13, 4], "texture": "#2"},
				"up": {"uv": [4, 10, 0, 6], "texture": "#2"},
				"down": {"uv": [8, 6, 4, 10], "texture": "#2"}
			}
		},
		{
			"from": [1, 5, 30],
			"to": [5, 11, 31],
			"faces": {
				"north": {"uv": [0, 0, 4, 6], "texture": "#2"},
				"east": {"uv": [8, 0, 9, 6], "texture": "#2"},
				"south": {"uv": [0, 0, 4, 6], "texture": "#2"},
				"west": {"uv": [8, 6, 9, 12], "texture": "#2"},
				"up": {"uv": [13, 5, 9, 4], "texture": "#2"},
				"down": {"uv": [13, 5, 9, 6], "texture": "#2"}
			}
		},
		{
			"from": [5, 5, 30],
			"to": [9, 11, 31],
			"faces": {
				"north": {"uv": [0, 0, 4, 6], "texture": "#2"},
				"east": {"uv": [8, 0, 9, 6], "texture": "#2"},
				"south": {"uv": [0, 0, 4, 6], "texture": "#2"},
				"west": {"uv": [8, 6, 9, 12], "texture": "#2"},
				"up": {"uv": [13, 5, 9, 4], "texture": "#2"},
				"down": {"uv": [13, 5, 9, 6], "texture": "#2"}
			}
		}
	],
	"display": {
		"thirdperson_righthand": {
			"rotation": [60, 0, 0],
			"scale": [0.2, 0.2, 0.2]
		},
		"thirdperson_lefthand": {
			"rotation": [60, 0, 0],
			"scale": [0.2, 0.2, 0.2]
		},
		"firstperson_righthand": {
			"scale": [0.2, 0.2, 0.2]
		},
		"firstperson_lefthand": {
			"scale": [0.2, 0.2, 0.2]
		},
		"ground": {
			"translation": [0, 4.25, 0]
		},
		"fixed": {
			"rotation": [90, 0, 0],
			"translation": [0, 0, 65.75],
			"scale": [4, 4, 4]
		}
	},
	"groups": [
		0,
		1,
		2,
		3,
		4,
		{
			"name": "Wheel",
			"origin": [8, 8, 8],
			"color": 0,
			"children": [
				{
					"name": "Wheel",
					"origin": [8, 8, 8],
					"color": 0,
					"children": [5, 6]
				},
				{
					"name": "Wheel",
					"origin": [8, 8, 8],
					"color": 0,
					"children": [
						7,
						{
							"name": "Wheel",
							"origin": [8, 8, 8],
							"color": 0,
							"children": [8]
						}
					]
				}
			]
		},
		{
			"name": "Inside",
			"origin": [8, 8, 8],
			"color": 0,
			"children": [
				{
					"name": "group",
					"origin": [0, 0, 0],
					"color": 0,
					"children": []
				},
				9,
				{
					"name": "Driver Seat",
					"origin": [0, 0, 0],
					"color": 0,
					"children": [10, 11, 12, 13, 14, 15, 16, 17, 18, 19, 20, 21, 22, 23, 24, 25, 26, 27]
				}
			]
		}
	]
}