{
    "credit": "CLMilkshake",

    "parent": "minecraft:item/generated",

    
    "textures": {
        "layer0": "item/leather_horse_armor"
    },


    "overrides":
    [
        
        {
            "predicate":
            {
                "custom_model_data":100
            },
                "model": "custom/glasses"
        },
        {
            "predicate":
            {
                "custom_model_data":101
            },
                "model": "custom/ctp_sign"
        },
        {
            "predicate":
            {
                "custom_model_data":102
            },
                "model": "custom/pig_mask"
        },
        {
            "predicate":
            {
                "custom_model_data":103
            },
                "model": "custom/gigachad_beard"
        },
        {
            "predicate":
            {
                "custom_model_data":104
            },
                "model": "custom/rubiks_cube_hat"
        }
    ]
}
