{
	"credit": "Made with Blockbench",
	"parent": "leather_horse_armor",
	"texture_size": [32, 32],
	"textures": {
		"0": "custom/glasses",
		"particle": "custom/glasses"
	},
	"elements": [
		{
			"from": [2, 0, 4],
			"to": [6, 2, 5],
			"faces": {
				"north": {"uv": [4, 4, 6, 5], "texture": "#0", "tintindex": 0},
				"east": {"uv": [0, 9.5, 0.5, 10.5], "texture": "#0", "tintindex": 0},
				"south": {"uv": [4, 5, 6, 6], "texture": "#0", "tintindex": 0},
				"west": {"uv": [0.5, 9.5, 1, 10.5], "texture": "#0", "tintindex": 0},
				"up": {"uv": [8, 8.5, 6, 8], "texture": "#0", "tintindex": 0},
				"down": {"uv": [10, 8, 8, 8.5], "texture": "#0", "tintindex": 0}
			}
		},
		{
			"from": [10, 0, 4],
			"to": [14, 2, 5],
			"faces": {
				"north": {"uv": [5.5, 0, 7.5, 1], "texture": "#0", "tintindex": 0},
				"east": {"uv": [9.5, 2, 10, 3], "texture": "#0", "tintindex": 0},
				"south": {"uv": [5.5, 1, 7.5, 2], "texture": "#0", "tintindex": 0},
				"west": {"uv": [3, 9.5, 3.5, 10.5], "texture": "#0", "tintindex": 0},
				"up": {"uv": [10.5, 0.5, 8.5, 0], "texture": "#0", "tintindex": 0},
				"down": {"uv": [10.5, 0.5, 8.5, 1], "texture": "#0", "tintindex": 0}
			}
		},
		{
			"from": [10, 6, 4],
			"to": [14, 8, 5],
			"faces": {
				"north": {"uv": [5, 7, 7, 8], "texture": "#0", "tintindex": 0},
				"east": {"uv": [10, 4, 10.5, 5], "texture": "#0", "tintindex": 0},
				"south": {"uv": [7, 5, 9, 6], "texture": "#0", "tintindex": 0},
				"west": {"uv": [4.5, 10, 5, 11], "texture": "#0", "tintindex": 0},
				"up": {"uv": [8, 9, 6, 8.5], "texture": "#0", "tintindex": 0},
				"down": {"uv": [10, 8.5, 8, 9], "texture": "#0", "tintindex": 0}
			}
		},
		{
			"from": [2, 6, 4],
			"to": [6, 8, 5],
			"faces": {
				"north": {"uv": [5, 6, 7, 7], "texture": "#0", "tintindex": 0},
				"east": {"uv": [3.5, 9.5, 4, 10.5], "texture": "#0", "tintindex": 0},
				"south": {"uv": [7, 4, 9, 5], "texture": "#0", "tintindex": 0},
				"west": {"uv": [4, 10, 4.5, 11], "texture": "#0", "tintindex": 0},
				"up": {"uv": [10.5, 1.5, 8.5, 1], "texture": "#0", "tintindex": 0},
				"down": {"uv": [10.5, 1.5, 8.5, 2], "texture": "#0", "tintindex": 0}
			}
		},
		{
			"from": [14, 2, 4],
			"to": [16, 6, 5],
			"faces": {
				"north": {"uv": [2, 5.5, 3, 7.5], "texture": "#0", "tintindex": 0},
				"east": {"uv": [1, 8.5, 1.5, 10.5], "texture": "#0", "tintindex": 0},
				"south": {"uv": [3, 5.5, 4, 7.5], "texture": "#0", "tintindex": 0},
				"west": {"uv": [1.5, 8.5, 2, 10.5], "texture": "#0", "tintindex": 0},
				"up": {"uv": [10.5, 3.5, 9.5, 3], "texture": "#0", "tintindex": 0},
				"down": {"uv": [10.5, 3.5, 9.5, 4], "texture": "#0", "tintindex": 0}
			}
		},
		{
			"from": [6, 2, 4],
			"to": [10, 6, 5],
			"faces": {
				"north": {"uv": [0, 0, 2, 2], "texture": "#0", "tintindex": 0},
				"east": {"uv": [5, 8, 5.5, 10], "texture": "#0", "tintindex": 0},
				"south": {"uv": [0, 2, 2, 4], "texture": "#0", "tintindex": 0},
				"west": {"uv": [5.5, 8, 6, 10], "texture": "#0", "tintindex": 0},
				"up": {"uv": [9.5, 3.5, 7.5, 3], "texture": "#0", "tintindex": 0},
				"down": {"uv": [9.5, 3.5, 7.5, 4], "texture": "#0", "tintindex": 0}
			}
		},
		{
			"from": [0, 2, 4],
			"to": [2, 6, 5],
			"faces": {
				"north": {"uv": [4, 6, 5, 8], "texture": "#0", "tintindex": 0},
				"east": {"uv": [2, 8.5, 2.5, 10.5], "texture": "#0", "tintindex": 0},
				"south": {"uv": [6, 4, 7, 6], "texture": "#0", "tintindex": 0},
				"west": {"uv": [2.5, 8.5, 3, 10.5], "texture": "#0", "tintindex": 0},
				"up": {"uv": [11, 2.5, 10, 2], "texture": "#0", "tintindex": 0},
				"down": {"uv": [11, 2.5, 10, 3], "texture": "#0", "tintindex": 0}
			}
		},
		{
			"from": [14, 3, 5],
			"to": [16, 5, 12],
			"faces": {
				"north": {"uv": [9, 4, 10, 5], "texture": "#0", "tintindex": 0},
				"east": {"uv": [2, 0, 5.5, 1], "texture": "#0", "tintindex": 0},
				"south": {"uv": [9, 5, 10, 6], "texture": "#0", "tintindex": 0},
				"west": {"uv": [2, 1, 5.5, 2], "texture": "#0", "tintindex": 0},
				"up": {"uv": [3, 5.5, 2, 2], "texture": "#0", "tintindex": 0},
				"down": {"uv": [4, 2, 3, 5.5], "texture": "#0", "tintindex": 0}
			}
		},
		{
			"from": [0, 3, 5],
			"to": [2, 5, 12],
			"faces": {
				"north": {"uv": [6, 9, 7, 10], "texture": "#0", "tintindex": 0},
				"east": {"uv": [4, 2, 7.5, 3], "texture": "#0", "tintindex": 0},
				"south": {"uv": [9, 6, 10, 7], "texture": "#0", "tintindex": 0},
				"west": {"uv": [4, 3, 7.5, 4], "texture": "#0", "tintindex": 0},
				"up": {"uv": [1, 7.5, 0, 4], "texture": "#0", "tintindex": 0},
				"down": {"uv": [2, 4, 1, 7.5], "texture": "#0", "tintindex": 0}
			}
		},
		{
			"from": [0, 1, 12],
			"to": [2, 3, 16],
			"faces": {
				"north": {"uv": [7, 9, 8, 10], "texture": "#0", "tintindex": 0},
				"east": {"uv": [7, 6, 9, 7], "texture": "#0", "tintindex": 0},
				"south": {"uv": [9, 7, 10, 8], "texture": "#0", "tintindex": 0},
				"west": {"uv": [7, 7, 9, 8], "texture": "#0", "tintindex": 0},
				"up": {"uv": [1, 9.5, 0, 7.5], "texture": "#0", "tintindex": 0},
				"down": {"uv": [8.5, 0, 7.5, 2], "texture": "#0", "tintindex": 0}
			}
		},
		{
			"from": [14, 1, 12],
			"to": [16, 3, 16],
			"faces": {
				"north": {"uv": [8, 9, 9, 10], "texture": "#0", "tintindex": 0},
				"east": {"uv": [1, 7.5, 3, 8.5], "texture": "#0", "tintindex": 0},
				"south": {"uv": [9, 9, 10, 10], "texture": "#0", "tintindex": 0},
				"west": {"uv": [7.5, 2, 9.5, 3], "texture": "#0", "tintindex": 0},
				"up": {"uv": [4, 9.5, 3, 7.5], "texture": "#0", "tintindex": 0},
				"down": {"uv": [5, 8, 4, 10], "texture": "#0", "tintindex": 0}
			}
		}
	],
	"gui_light": "front",
	"display": {
		"thirdperson_righthand": {
			"rotation": [0, -41, 0],
			"translation": [0, 0.5, -1.25],
			"scale": [0.3, 0.3, 0.3]
		},
		"thirdperson_lefthand": {
			"rotation": [0, 41, 0],
			"translation": [0, 0.5, -1.25],
			"scale": [0.3, 0.3, 0.3]
		},
		"firstperson_righthand": {
			"rotation": [0, 33, 0],
			"translation": [4, 4.5, 0]
		},
		"firstperson_lefthand": {
			"rotation": [0, 33, 0],
			"translation": [4, 4.5, 0]
		},
		"ground": {
			"translation": [0, 4, 0]
		},
		"gui": {
			"rotation": [0, -28, 0],
			"translation": [0.5, 3, 0],
			"scale": [0.7, 0.7, 0.7]
		},
		"head": {
			"translation": [0, 2.25, -4]
		},
		"fixed": {
			"rotation": [0, 28, 0],
			"translation": [0, 4.25, -1],
			"scale": [0.7, 0.7, 0.7]
		}
	}
}