{
	"credit": "Made with Blockbench",
	"textures": {
		"0": "custom/season-pass",
		"particle": "custom/season-pass"
	},
	"elements": [
		{
			"from": [-9, -1, 0],
			"to": [18, 8, 0],
			"faces": {
				"north": {"uv": [0, 0, 16, 16], "texture": "#0"},
				"east": {"uv": [0, 0, 0, 4], "texture": "#missing"},
				"south": {"uv": [0, 0, 16, 16], "texture": "#0"},
				"west": {"uv": [0, 0, 0, 4], "texture": "#missing"},
				"up": {"uv": [16, 0, 0, 0], "texture": "#missing"},
				"down": {"uv": [16, 0, 0, 0], "texture": "#missing"}
			}
		}
	],
	"gui_light": "front",
	"display": {
		"thirdperson_righthand": {
			"rotation": [85, 0, 0],
			"translation": [-11.7, -3.5, 3.5],
			"scale": [0.5, 0.5, 0.5]
		},
		"thirdperson_lefthand": {
			"rotation": [85, 0, 0],
			"translation": [1.25, -3.5, 3.5],
			"scale": [0.5, 0.5, 0.5]
		},
		"firstperson_righthand": {
			"translation": [7.5, 0, 0]
		},
		"firstperson_lefthand": {
			"translation": [2.75, 0, 0]
		},
		"ground": {
			"translation": [1.75, 3.75, 4.75],
			"scale": [0.5, 0.5, 0.5]
		},
		"gui": {
			"translation": [-12.7, 8, 80],
			"scale": [4, 4, 4]
		},
		"head": {
			"translation": [3.25, 14.5, 7.75]
		},
		"fixed": {
			"translation": [-24, 16, 66],
			"scale": [4, 4, 4]
		}
	}
}