{
	"credit": "Made with Blockbench",
	"parent": "popped_chorus_fruit",
	"textures": {
		"0": "custom/cosmetics",
		"particle": "custom/cosmetics"
	},
	"elements": [
		{
			"from": [-8, 0, 0],
			"to": [18, 8, 0],
			"faces": {
				"north": {"uv": [0, 0, 16, 16], "texture": "#0"},
				"east": {"uv": [0, 0, 0, 4], "texture": "#missing"},
				"south": {"uv": [0, 0, 16, 16], "texture": "#0"},
				"west": {"uv": [0, 0, 0, 4], "texture": "#missing"},
				"up": {"uv": [16, 0, 0, 0], "texture": "#missing"},
				"down": {"uv": [16, 0, 0, 0], "texture": "#missing"}
			}
		}
	],
	"gui_light": "front",
	"display": {
		"thirdperson_righthand": {
			"translation": [-0.25, 3.75, 4.25],
			"scale": [0.5, 0.5, 0.5]
		},
		"thirdperson_lefthand": {
			"translation": [-0.25, 3.75, 4.25],
			"scale": [0.5, 0.5, 0.5]
		},
		"firstperson_righthand": {
			"rotation": [0, -50, 0]
		},
		"firstperson_lefthand": {
			"rotation": [0, -50, 0]
		},
		"ground": {
			"translation": [0, 4, 8]
		},
		"gui": {
			"translation": [-11.75, 8, 80],
			"scale": [2.08, 2, 2]
		},
		"head": {
			"translation": [0, 14, 0.75]
		},
		"fixed": {
			"translation": [0, 16, 66],
			"scale": [4, 4, 4]
		}
	}
}