{
	"credit": "Made with Blockbench",
	"parent": "iron_ingot",
	"textures": {
		"0": "custom/uranium1",
		"1": "custom/uranium2",
		"particle": "custom/uranium1"
	},
	"elements": [
		{
			"from": [9, 0, 8],
			"to": [13, 1, 9],
			"faces": {
				"north": {"uv": [2, 0, 4, 0.5], "texture": "#0"},
				"east": {"uv": [5.5, 2, 6, 2.5], "texture": "#0"},
				"south": {"uv": [2, 0.5, 4, 1], "texture": "#0"},
				"west": {"uv": [2.5, 5.5, 3, 6], "texture": "#0"},
				"up": {"uv": [4, 1.5, 2, 1], "texture": "#0"},
				"down": {"uv": [4, 1.5, 2, 2], "texture": "#0"}
			}
		},
		{
			"from": [6, 1, 8],
			"to": [9, 2, 9],
			"faces": {
				"north": {"uv": [2.5, 2, 4, 2.5], "texture": "#0"},
				"east": {"uv": [1.5, 6, 2, 6.5], "texture": "#0"},
				"south": {"uv": [2.5, 2.5, 4, 3], "texture": "#0"},
				"west": {"uv": [6, 1.5, 6.5, 2], "texture": "#0"},
				"up": {"uv": [4, 3.5, 2.5, 3], "texture": "#0"},
				"down": {"uv": [4, 3.5, 2.5, 4], "texture": "#0"}
			}
		},
		{
			"from": [3, 2, 8],
			"to": [6, 3, 9],
			"faces": {
				"north": {"uv": [4, 0, 5.5, 0.5], "texture": "#0"},
				"east": {"uv": [2, 6, 2.5, 6.5], "texture": "#0"},
				"south": {"uv": [4, 0.5, 5.5, 1], "texture": "#0"},
				"west": {"uv": [6, 2, 6.5, 2.5], "texture": "#0"},
				"up": {"uv": [5.5, 1.5, 4, 1], "texture": "#0"},
				"down": {"uv": [3, 4, 1.5, 4.5], "texture": "#0"}
			}
		},
		{
			"from": [1, 3, 8],
			"to": [3, 4, 9],
			"faces": {
				"north": {"uv": [1.5, 5, 2.5, 5.5], "texture": "#0"},
				"east": {"uv": [2.5, 6, 3, 6.5], "texture": "#0"},
				"south": {"uv": [2.5, 5, 3.5, 5.5], "texture": "#0"},
				"west": {"uv": [6, 2.5, 6.5, 3], "texture": "#0"},
				"up": {"uv": [4.5, 5.5, 3.5, 5], "texture": "#0"},
				"down": {"uv": [5.5, 5, 4.5, 5.5], "texture": "#0"}
			}
		},
		{
			"from": [0, 4, 8],
			"to": [1, 8, 9],
			"faces": {
				"north": {"uv": [2, 2, 2.5, 4], "texture": "#0"},
				"east": {"uv": [0, 2.5, 0.5, 4.5], "texture": "#0"},
				"south": {"uv": [0.5, 2.5, 1, 4.5], "texture": "#0"},
				"west": {"uv": [1, 2.5, 1.5, 4.5], "texture": "#0"},
				"up": {"uv": [3.5, 6.5, 3, 6], "texture": "#0"},
				"down": {"uv": [6.5, 3, 6, 3.5], "texture": "#0"}
			}
		},
		{
			"from": [13, 1, 8],
			"to": [14, 2, 9],
			"faces": {
				"north": {"uv": [5.5, 2.5, 6, 3], "texture": "#0"},
				"east": {"uv": [3, 5.5, 3.5, 6], "texture": "#0"},
				"south": {"uv": [5.5, 3, 6, 3.5], "texture": "#0"},
				"west": {"uv": [3.5, 5.5, 4, 6], "texture": "#0"},
				"up": {"uv": [6, 4, 5.5, 3.5], "texture": "#0"},
				"down": {"uv": [4.5, 5.5, 4, 6], "texture": "#0"}
			}
		},
		{
			"from": [1, 8, 8],
			"to": [2, 9, 9],
			"faces": {
				"north": {"uv": [3.5, 6, 4, 6.5], "texture": "#0"},
				"east": {"uv": [6, 3.5, 6.5, 4], "texture": "#0"},
				"south": {"uv": [4, 6, 4.5, 6.5], "texture": "#0"},
				"west": {"uv": [6, 4, 6.5, 4.5], "texture": "#0"},
				"up": {"uv": [5, 6.5, 4.5, 6], "texture": "#0"},
				"down": {"uv": [6.5, 4.5, 6, 5], "texture": "#0"}
			}
		},
		{
			"from": [3, 10, 8],
			"to": [4, 11, 9],
			"faces": {
				"north": {"uv": [5, 6, 5.5, 6.5], "texture": "#0"},
				"east": {"uv": [6, 5, 6.5, 5.5], "texture": "#0"},
				"south": {"uv": [5.5, 6, 6, 6.5], "texture": "#0"},
				"west": {"uv": [6, 5.5, 6.5, 6], "texture": "#0"},
				"up": {"uv": [6.5, 6.5, 6, 6], "texture": "#0"},
				"down": {"uv": [0.5, 6.5, 0, 7], "texture": "#0"}
			}
		},
		{
			"from": [2, 9, 8],
			"to": [3, 10, 9],
			"faces": {
				"north": {"uv": [6.5, 0, 7, 0.5], "texture": "#0"},
				"east": {"uv": [0.5, 6.5, 1, 7], "texture": "#0"},
				"south": {"uv": [6.5, 0.5, 7, 1], "texture": "#0"},
				"west": {"uv": [1, 6.5, 1.5, 7], "texture": "#0"},
				"up": {"uv": [7, 1.5, 6.5, 1], "texture": "#0"},
				"down": {"uv": [2, 6.5, 1.5, 7], "texture": "#0"}
			}
		},
		{
			"from": [4, 11, 8],
			"to": [6, 12, 9],
			"faces": {
				"north": {"uv": [0, 5.5, 1, 6], "texture": "#0"},
				"east": {"uv": [6.5, 1.5, 7, 2], "texture": "#0"},
				"south": {"uv": [5.5, 0, 6.5, 0.5], "texture": "#0"},
				"west": {"uv": [2, 6.5, 2.5, 7], "texture": "#0"},
				"up": {"uv": [6.5, 1, 5.5, 0.5], "texture": "#0"},
				"down": {"uv": [2, 5.5, 1, 6], "texture": "#0"}
			}
		},
		{
			"from": [6, 10, 8],
			"to": [9, 11, 9],
			"faces": {
				"north": {"uv": [4, 1.5, 5.5, 2], "texture": "#0"},
				"east": {"uv": [6.5, 2, 7, 2.5], "texture": "#0"},
				"south": {"uv": [4, 2, 5.5, 2.5], "texture": "#0"},
				"west": {"uv": [2.5, 6.5, 3, 7], "texture": "#0"},
				"up": {"uv": [5.5, 3, 4, 2.5], "texture": "#0"},
				"down": {"uv": [4.5, 4, 3, 4.5], "texture": "#0"}
			}
		},
		{
			"from": [9, 9, 8],
			"to": [12, 10, 9],
			"faces": {
				"north": {"uv": [4, 3, 5.5, 3.5], "texture": "#0"},
				"east": {"uv": [6.5, 2.5, 7, 3], "texture": "#0"},
				"south": {"uv": [4, 3.5, 5.5, 4], "texture": "#0"},
				"west": {"uv": [3, 6.5, 3.5, 7], "texture": "#0"},
				"up": {"uv": [1.5, 5, 0, 4.5], "texture": "#0"},
				"down": {"uv": [3, 4.5, 1.5, 5], "texture": "#0"}
			}
		},
		{
			"from": [12, 8, 8],
			"to": [15, 9, 9],
			"faces": {
				"north": {"uv": [3, 4.5, 4.5, 5], "texture": "#0"},
				"east": {"uv": [6.5, 3, 7, 3.5], "texture": "#0"},
				"south": {"uv": [4.5, 4, 6, 4.5], "texture": "#0"},
				"west": {"uv": [3.5, 6.5, 4, 7], "texture": "#0"},
				"up": {"uv": [6, 5, 4.5, 4.5], "texture": "#0"},
				"down": {"uv": [1.5, 5, 0, 5.5], "texture": "#0"}
			}
		},
		{
			"from": [14, 2, 8],
			"to": [15, 3, 9],
			"faces": {
				"north": {"uv": [4.5, 5.5, 5, 6], "texture": "#0"},
				"east": {"uv": [5, 5.5, 5.5, 6], "texture": "#0"},
				"south": {"uv": [5.5, 5, 6, 5.5], "texture": "#0"},
				"west": {"uv": [5.5, 5.5, 6, 6], "texture": "#0"},
				"up": {"uv": [0.5, 6.5, 0, 6], "texture": "#0"},
				"down": {"uv": [1, 6, 0.5, 6.5], "texture": "#0"}
			}
		},
		{
			"from": [15, 3, 8],
			"to": [16, 8, 9],
			"faces": {
				"north": {"uv": [0, 0, 0.5, 2.5], "texture": "#0"},
				"east": {"uv": [0.5, 0, 1, 2.5], "texture": "#0"},
				"south": {"uv": [1, 0, 1.5, 2.5], "texture": "#0"},
				"west": {"uv": [1.5, 0, 2, 2.5], "texture": "#0"},
				"up": {"uv": [1.5, 6.5, 1, 6], "texture": "#0"},
				"down": {"uv": [6.5, 1, 6, 1.5], "texture": "#0"}
			}
		},
		{
			"from": [12, 1, 8],
			"to": [13, 2, 9],
			"faces": {
				"north": {"uv": [6.5, 3.5, 7, 4], "texture": "#0"},
				"east": {"uv": [4, 6.5, 4.5, 7], "texture": "#0"},
				"south": {"uv": [6.5, 4, 7, 4.5], "texture": "#0"},
				"west": {"uv": [4.5, 6.5, 5, 7], "texture": "#0"},
				"up": {"uv": [7, 5, 6.5, 4.5], "texture": "#0"},
				"down": {"uv": [5.5, 6.5, 5, 7], "texture": "#0"}
			}
		},
		{
			"from": [11, 1, 8],
			"to": [12, 2, 9],
			"faces": {
				"north": {"uv": [6.5, 5, 7, 5.5], "texture": "#0"},
				"east": {"uv": [5.5, 6.5, 6, 7], "texture": "#0"},
				"south": {"uv": [6.5, 5.5, 7, 6], "texture": "#0"},
				"west": {"uv": [6, 6.5, 6.5, 7], "texture": "#0"},
				"up": {"uv": [7, 6.5, 6.5, 6], "texture": "#0"},
				"down": {"uv": [7, 6.5, 6.5, 7], "texture": "#0"}
			}
		},
		{
			"from": [10, 1, 8],
			"to": [11, 2, 9],
			"faces": {
				"north": {"uv": [0, 7, 0.5, 7.5], "texture": "#0"},
				"east": {"uv": [7, 0, 7.5, 0.5], "texture": "#0"},
				"south": {"uv": [0.5, 7, 1, 7.5], "texture": "#0"},
				"west": {"uv": [7, 0.5, 7.5, 1], "texture": "#0"},
				"up": {"uv": [1.5, 7.5, 1, 7], "texture": "#0"},
				"down": {"uv": [7.5, 1, 7, 1.5], "texture": "#0"}
			}
		},
		{
			"from": [9, 1, 8],
			"to": [10, 2, 9],
			"faces": {
				"north": {"uv": [1.5, 7, 2, 7.5], "texture": "#0"},
				"east": {"uv": [7, 1.5, 7.5, 2], "texture": "#0"},
				"south": {"uv": [2, 7, 2.5, 7.5], "texture": "#0"},
				"west": {"uv": [7, 2, 7.5, 2.5], "texture": "#0"},
				"up": {"uv": [3, 7.5, 2.5, 7], "texture": "#0"},
				"down": {"uv": [7.5, 2.5, 7, 3], "texture": "#0"}
			}
		},
		{
			"from": [8, 2, 8],
			"to": [9, 3, 9],
			"faces": {
				"north": {"uv": [3, 7, 3.5, 7.5], "texture": "#0"},
				"east": {"uv": [7, 3, 7.5, 3.5], "texture": "#0"},
				"south": {"uv": [3.5, 7, 4, 7.5], "texture": "#0"},
				"west": {"uv": [7, 3.5, 7.5, 4], "texture": "#0"},
				"up": {"uv": [4.5, 7.5, 4, 7], "texture": "#0"},
				"down": {"uv": [7.5, 4, 7, 4.5], "texture": "#0"}
			}
		},
		{
			"from": [7, 2, 8],
			"to": [8, 3, 9],
			"faces": {
				"north": {"uv": [4.5, 7, 5, 7.5], "texture": "#0"},
				"east": {"uv": [7, 4.5, 7.5, 5], "texture": "#0"},
				"south": {"uv": [5, 7, 5.5, 7.5], "texture": "#0"},
				"west": {"uv": [7, 5, 7.5, 5.5], "texture": "#0"},
				"up": {"uv": [6, 7.5, 5.5, 7], "texture": "#0"},
				"down": {"uv": [7.5, 5.5, 7, 6], "texture": "#0"}
			}
		},
		{
			"from": [6, 2, 8],
			"to": [7, 3, 9],
			"faces": {
				"north": {"uv": [6, 7, 6.5, 7.5], "texture": "#0"},
				"east": {"uv": [7, 6, 7.5, 6.5], "texture": "#0"},
				"south": {"uv": [6.5, 7, 7, 7.5], "texture": "#0"},
				"west": {"uv": [7, 6.5, 7.5, 7], "texture": "#0"},
				"up": {"uv": [7.5, 7.5, 7, 7], "texture": "#0"},
				"down": {"uv": [0.5, 7.5, 0, 8], "texture": "#0"}
			}
		},
		{
			"from": [5, 3, 8],
			"to": [6, 4, 9],
			"faces": {
				"north": {"uv": [7.5, 0, 8, 0.5], "texture": "#0"},
				"east": {"uv": [0.5, 7.5, 1, 8], "texture": "#0"},
				"south": {"uv": [7.5, 0.5, 8, 1], "texture": "#0"},
				"west": {"uv": [1, 7.5, 1.5, 8], "texture": "#0"},
				"up": {"uv": [8, 1.5, 7.5, 1], "texture": "#0"},
				"down": {"uv": [2, 7.5, 1.5, 8], "texture": "#0"}
			}
		},
		{
			"from": [4, 3, 8],
			"to": [5, 4, 9],
			"faces": {
				"north": {"uv": [7.5, 1.5, 8, 2], "texture": "#0"},
				"east": {"uv": [2, 7.5, 2.5, 8], "texture": "#0"},
				"south": {"uv": [7.5, 2, 8, 2.5], "texture": "#0"},
				"west": {"uv": [2.5, 7.5, 3, 8], "texture": "#0"},
				"up": {"uv": [8, 3, 7.5, 2.5], "texture": "#0"},
				"down": {"uv": [3.5, 7.5, 3, 8], "texture": "#0"}
			}
		},
		{
			"from": [3, 3, 8],
			"to": [4, 4, 9],
			"faces": {
				"north": {"uv": [7.5, 3, 8, 3.5], "texture": "#0"},
				"east": {"uv": [3.5, 7.5, 4, 8], "texture": "#0"},
				"south": {"uv": [7.5, 3.5, 8, 4], "texture": "#0"},
				"west": {"uv": [4, 7.5, 4.5, 8], "texture": "#0"},
				"up": {"uv": [8, 4.5, 7.5, 4], "texture": "#0"},
				"down": {"uv": [5, 7.5, 4.5, 8], "texture": "#0"}
			}
		},
		{
			"from": [2, 4, 8],
			"to": [3, 5, 9],
			"faces": {
				"north": {"uv": [7.5, 6, 8, 6.5], "texture": "#0"},
				"east": {"uv": [6.5, 7.5, 7, 8], "texture": "#0"},
				"south": {"uv": [7.5, 6.5, 8, 7], "texture": "#0"},
				"west": {"uv": [7, 7.5, 7.5, 8], "texture": "#0"},
				"up": {"uv": [8, 7.5, 7.5, 7], "texture": "#0"},
				"down": {"uv": [8, 7.5, 7.5, 8], "texture": "#0"}
			}
		},
		{
			"from": [1, 4, 8],
			"to": [2, 5, 9],
			"faces": {
				"north": {"uv": [0, 8, 0.5, 8.5], "texture": "#0"},
				"east": {"uv": [8, 0, 8.5, 0.5], "texture": "#0"},
				"south": {"uv": [0.5, 8, 1, 8.5], "texture": "#0"},
				"west": {"uv": [8, 0.5, 8.5, 1], "texture": "#0"},
				"up": {"uv": [1.5, 8.5, 1, 8], "texture": "#0"},
				"down": {"uv": [8.5, 1, 8, 1.5], "texture": "#0"}
			}
		},
		{
			"from": [1, 5, 8],
			"to": [2, 6, 9],
			"faces": {
				"north": {"uv": [2.5, 9, 3, 9.5], "texture": "#0"},
				"east": {"uv": [9, 2.5, 9.5, 3], "texture": "#0"},
				"south": {"uv": [3, 9, 3.5, 9.5], "texture": "#0"},
				"west": {"uv": [9, 3, 9.5, 3.5], "texture": "#0"},
				"up": {"uv": [4, 9.5, 3.5, 9], "texture": "#0"},
				"down": {"uv": [9.5, 3.5, 9, 4], "texture": "#0"}
			}
		},
		{
			"from": [2, 5, 8],
			"to": [3, 6, 9],
			"faces": {
				"north": {"uv": [8.5, 8, 9, 8.5], "texture": "#0"},
				"east": {"uv": [8.5, 8.5, 9, 9], "texture": "#0"},
				"south": {"uv": [0, 9, 0.5, 9.5], "texture": "#0"},
				"west": {"uv": [9, 0, 9.5, 0.5], "texture": "#0"},
				"up": {"uv": [1, 9.5, 0.5, 9], "texture": "#0"},
				"down": {"uv": [9.5, 0.5, 9, 1], "texture": "#0"}
			}
		},
		{
			"from": [3, 4, 8],
			"to": [4, 5, 9],
			"faces": {
				"north": {"uv": [8.5, 6.5, 9, 7], "texture": "#0"},
				"east": {"uv": [7, 8.5, 7.5, 9], "texture": "#0"},
				"south": {"uv": [8.5, 7, 9, 7.5], "texture": "#0"},
				"west": {"uv": [7.5, 8.5, 8, 9], "texture": "#0"},
				"up": {"uv": [9, 8, 8.5, 7.5], "texture": "#0"},
				"down": {"uv": [8.5, 8.5, 8, 9], "texture": "#0"}
			}
		},
		{
			"from": [4, 4, 8],
			"to": [5, 5, 9],
			"faces": {
				"north": {"uv": [8.5, 5, 9, 5.5], "texture": "#0"},
				"east": {"uv": [5.5, 8.5, 6, 9], "texture": "#0"},
				"south": {"uv": [8.5, 5.5, 9, 6], "texture": "#0"},
				"west": {"uv": [6, 8.5, 6.5, 9], "texture": "#0"},
				"up": {"uv": [9, 6.5, 8.5, 6], "texture": "#0"},
				"down": {"uv": [7, 8.5, 6.5, 9], "texture": "#0"}
			}
		},
		{
			"from": [5, 4, 8],
			"to": [6, 5, 9],
			"faces": {
				"north": {"uv": [8.5, 3.5, 9, 4], "texture": "#0"},
				"east": {"uv": [4, 8.5, 4.5, 9], "texture": "#0"},
				"south": {"uv": [8.5, 4, 9, 4.5], "texture": "#0"},
				"west": {"uv": [4.5, 8.5, 5, 9], "texture": "#0"},
				"up": {"uv": [9, 5, 8.5, 4.5], "texture": "#0"},
				"down": {"uv": [5.5, 8.5, 5, 9], "texture": "#0"}
			}
		},
		{
			"from": [6, 3, 8],
			"to": [7, 4, 9],
			"faces": {
				"north": {"uv": [8.5, 0.5, 9, 1], "texture": "#0"},
				"east": {"uv": [1, 8.5, 1.5, 9], "texture": "#0"},
				"south": {"uv": [8.5, 1, 9, 1.5], "texture": "#0"},
				"west": {"uv": [1.5, 8.5, 2, 9], "texture": "#0"},
				"up": {"uv": [9, 2, 8.5, 1.5], "texture": "#0"},
				"down": {"uv": [2.5, 8.5, 2, 9], "texture": "#0"}
			}
		},
		{
			"from": [7, 3, 8],
			"to": [8, 4, 9],
			"faces": {
				"north": {"uv": [7.5, 8, 8, 8.5], "texture": "#0"},
				"east": {"uv": [8, 7.5, 8.5, 8], "texture": "#0"},
				"south": {"uv": [8, 8, 8.5, 8.5], "texture": "#0"},
				"west": {"uv": [0, 8.5, 0.5, 9], "texture": "#0"},
				"up": {"uv": [9, 0.5, 8.5, 0], "texture": "#0"},
				"down": {"uv": [1, 8.5, 0.5, 9], "texture": "#0"}
			}
		},
		{
			"from": [8, 3, 8],
			"to": [9, 4, 9],
			"faces": {
				"north": {"uv": [6, 8, 6.5, 8.5], "texture": "#0"},
				"east": {"uv": [8, 6, 8.5, 6.5], "texture": "#0"},
				"south": {"uv": [6.5, 8, 7, 8.5], "texture": "#0"},
				"west": {"uv": [8, 6.5, 8.5, 7], "texture": "#0"},
				"up": {"uv": [7.5, 8.5, 7, 8], "texture": "#0"},
				"down": {"uv": [8.5, 7, 8, 7.5], "texture": "#0"}
			}
		},
		{
			"from": [9, 2, 8],
			"to": [10, 3, 9],
			"faces": {
				"north": {"uv": [12.5, 5, 13, 5.5], "texture": "#0"},
				"east": {"uv": [5.5, 12.5, 6, 13], "texture": "#0"},
				"south": {"uv": [12.5, 5.5, 13, 6], "texture": "#0"},
				"west": {"uv": [6, 12.5, 6.5, 13], "texture": "#0"},
				"up": {"uv": [13, 6.5, 12.5, 6], "texture": "#0"},
				"down": {"uv": [7, 12.5, 6.5, 13], "texture": "#0"}
			}
		},
		{
			"from": [10, 2, 8],
			"to": [11, 3, 9],
			"faces": {
				"north": {"uv": [4.5, 8, 5, 8.5], "texture": "#0"},
				"east": {"uv": [8, 4.5, 8.5, 5], "texture": "#0"},
				"south": {"uv": [5, 8, 5.5, 8.5], "texture": "#0"},
				"west": {"uv": [8, 5, 8.5, 5.5], "texture": "#0"},
				"up": {"uv": [6, 8.5, 5.5, 8], "texture": "#0"},
				"down": {"uv": [8.5, 5.5, 8, 6], "texture": "#0"}
			}
		},
		{
			"from": [11, 2, 8],
			"to": [12, 3, 9],
			"faces": {
				"north": {"uv": [3, 8, 3.5, 8.5], "texture": "#0"},
				"east": {"uv": [8, 3, 8.5, 3.5], "texture": "#0"},
				"south": {"uv": [3.5, 8, 4, 8.5], "texture": "#0"},
				"west": {"uv": [8, 3.5, 8.5, 4], "texture": "#0"},
				"up": {"uv": [4.5, 8.5, 4, 8], "texture": "#0"},
				"down": {"uv": [8.5, 4, 8, 4.5], "texture": "#0"}
			}
		},
		{
			"from": [12, 2, 8],
			"to": [13, 3, 9],
			"faces": {
				"north": {"uv": [1.5, 8, 2, 8.5], "texture": "#0"},
				"east": {"uv": [8, 1.5, 8.5, 2], "texture": "#0"},
				"south": {"uv": [2, 8, 2.5, 8.5], "texture": "#0"},
				"west": {"uv": [8, 2, 8.5, 2.5], "texture": "#0"},
				"up": {"uv": [3, 8.5, 2.5, 8], "texture": "#0"},
				"down": {"uv": [8.5, 2.5, 8, 3], "texture": "#0"}
			}
		},
		{
			"from": [1, 6, 8],
			"to": [2, 7, 9],
			"faces": {
				"north": {"uv": [4.5, 10, 5, 10.5], "texture": "#0"},
				"east": {"uv": [10, 4.5, 10.5, 5], "texture": "#0"},
				"south": {"uv": [5, 10, 5.5, 10.5], "texture": "#0"},
				"west": {"uv": [10, 5, 10.5, 5.5], "texture": "#0"},
				"up": {"uv": [6, 10.5, 5.5, 10], "texture": "#0"},
				"down": {"uv": [10.5, 5.5, 10, 6], "texture": "#0"}
			}
		},
		{
			"from": [2, 6, 8],
			"to": [3, 7, 9],
			"faces": {
				"north": {"uv": [1.5, 10, 2, 10.5], "texture": "#0"},
				"east": {"uv": [10, 1.5, 10.5, 2], "texture": "#0"},
				"south": {"uv": [2, 10, 2.5, 10.5], "texture": "#0"},
				"west": {"uv": [10, 2, 10.5, 2.5], "texture": "#0"},
				"up": {"uv": [3, 10.5, 2.5, 10], "texture": "#0"},
				"down": {"uv": [10.5, 2.5, 10, 3], "texture": "#0"}
			}
		},
		{
			"from": [3, 5, 8],
			"to": [4, 6, 9],
			"faces": {
				"north": {"uv": [0, 10, 0.5, 10.5], "texture": "#0"},
				"east": {"uv": [10, 0, 10.5, 0.5], "texture": "#0"},
				"south": {"uv": [0.5, 10, 1, 10.5], "texture": "#0"},
				"west": {"uv": [10, 0.5, 10.5, 1], "texture": "#0"},
				"up": {"uv": [1.5, 10.5, 1, 10], "texture": "#0"},
				"down": {"uv": [10.5, 1, 10, 1.5], "texture": "#0"}
			}
		},
		{
			"from": [4, 5, 8],
			"to": [5, 6, 9],
			"faces": {
				"north": {"uv": [9.5, 8, 10, 8.5], "texture": "#0"},
				"east": {"uv": [8.5, 9.5, 9, 10], "texture": "#0"},
				"south": {"uv": [9.5, 8.5, 10, 9], "texture": "#0"},
				"west": {"uv": [9, 9.5, 9.5, 10], "texture": "#0"},
				"up": {"uv": [10, 9.5, 9.5, 9], "texture": "#0"},
				"down": {"uv": [10, 9.5, 9.5, 10], "texture": "#0"}
			}
		},
		{
			"from": [5, 5, 8],
			"to": [6, 6, 9],
			"faces": {
				"north": {"uv": [9.5, 6.5, 10, 7], "texture": "#0"},
				"east": {"uv": [7, 9.5, 7.5, 10], "texture": "#0"},
				"south": {"uv": [9.5, 7, 10, 7.5], "texture": "#0"},
				"west": {"uv": [7.5, 9.5, 8, 10], "texture": "#0"},
				"up": {"uv": [10, 8, 9.5, 7.5], "texture": "#0"},
				"down": {"uv": [8.5, 9.5, 8, 10], "texture": "#0"}
			}
		},
		{
			"from": [6, 4, 8],
			"to": [7, 5, 9],
			"faces": {
				"north": {"uv": [9.5, 3.5, 10, 4], "texture": "#0"},
				"east": {"uv": [4, 9.5, 4.5, 10], "texture": "#0"},
				"south": {"uv": [9.5, 4, 10, 4.5], "texture": "#0"},
				"west": {"uv": [4.5, 9.5, 5, 10], "texture": "#0"},
				"up": {"uv": [10, 5, 9.5, 4.5], "texture": "#0"},
				"down": {"uv": [5.5, 9.5, 5, 10], "texture": "#0"}
			}
		},
		{
			"from": [7, 4, 8],
			"to": [8, 5, 9],
			"faces": {
				"north": {"uv": [9.5, 2, 10, 2.5], "texture": "#0"},
				"east": {"uv": [2.5, 9.5, 3, 10], "texture": "#0"},
				"south": {"uv": [9.5, 2.5, 10, 3], "texture": "#0"},
				"west": {"uv": [3, 9.5, 3.5, 10], "texture": "#0"},
				"up": {"uv": [10, 3.5, 9.5, 3], "texture": "#0"},
				"down": {"uv": [4, 9.5, 3.5, 10], "texture": "#0"}
			}
		},
		{
			"from": [8, 4, 8],
			"to": [9, 5, 9],
			"faces": {
				"north": {"uv": [9.5, 0.5, 10, 1], "texture": "#0"},
				"east": {"uv": [1, 9.5, 1.5, 10], "texture": "#0"},
				"south": {"uv": [9.5, 1, 10, 1.5], "texture": "#0"},
				"west": {"uv": [1.5, 9.5, 2, 10], "texture": "#0"},
				"up": {"uv": [10, 2, 9.5, 1.5], "texture": "#0"},
				"down": {"uv": [2.5, 9.5, 2, 10], "texture": "#0"}
			}
		},
		{
			"from": [9, 3, 8],
			"to": [10, 4, 9],
			"faces": {
				"north": {"uv": [8.5, 9, 9, 9.5], "texture": "#0"},
				"east": {"uv": [9, 8.5, 9.5, 9], "texture": "#0"},
				"south": {"uv": [9, 9, 9.5, 9.5], "texture": "#0"},
				"west": {"uv": [0, 9.5, 0.5, 10], "texture": "#0"},
				"up": {"uv": [10, 0.5, 9.5, 0], "texture": "#0"},
				"down": {"uv": [1, 9.5, 0.5, 10], "texture": "#0"}
			}
		},
		{
			"from": [10, 3, 8],
			"to": [11, 4, 9],
			"faces": {
				"north": {"uv": [7, 9, 7.5, 9.5], "texture": "#0"},
				"east": {"uv": [9, 7, 9.5, 7.5], "texture": "#0"},
				"south": {"uv": [7.5, 9, 8, 9.5], "texture": "#0"},
				"west": {"uv": [9, 7.5, 9.5, 8], "texture": "#0"},
				"up": {"uv": [8.5, 9.5, 8, 9], "texture": "#0"},
				"down": {"uv": [9.5, 8, 9, 8.5], "texture": "#0"}
			}
		},
		{
			"from": [11, 3, 8],
			"to": [12, 4, 9],
			"faces": {
				"north": {"uv": [5.5, 9, 6, 9.5], "texture": "#0"},
				"east": {"uv": [9, 5.5, 9.5, 6], "texture": "#0"},
				"south": {"uv": [6, 9, 6.5, 9.5], "texture": "#0"},
				"west": {"uv": [9, 6, 9.5, 6.5], "texture": "#0"},
				"up": {"uv": [7, 9.5, 6.5, 9], "texture": "#0"},
				"down": {"uv": [9.5, 6.5, 9, 7], "texture": "#0"}
			}
		},
		{
			"from": [12, 3, 8],
			"to": [13, 4, 9],
			"faces": {
				"north": {"uv": [4, 9, 4.5, 9.5], "texture": "#0"},
				"east": {"uv": [9, 4, 9.5, 4.5], "texture": "#0"},
				"south": {"uv": [4.5, 9, 5, 9.5], "texture": "#0"},
				"west": {"uv": [9, 4.5, 9.5, 5], "texture": "#0"},
				"up": {"uv": [5.5, 9.5, 5, 9], "texture": "#0"},
				"down": {"uv": [9.5, 5, 9, 5.5], "texture": "#0"}
			}
		},
		{
			"from": [1, 7, 8],
			"to": [2, 8, 9],
			"faces": {
				"north": {"uv": [6, 11, 6.5, 11.5], "texture": "#0"},
				"east": {"uv": [11, 6, 11.5, 6.5], "texture": "#0"},
				"south": {"uv": [6.5, 11, 7, 11.5], "texture": "#0"},
				"west": {"uv": [11, 6.5, 11.5, 7], "texture": "#0"},
				"up": {"uv": [7.5, 11.5, 7, 11], "texture": "#0"},
				"down": {"uv": [11.5, 7, 11, 7.5], "texture": "#0"}
			}
		},
		{
			"from": [3, 7, 8],
			"to": [4, 8, 9],
			"faces": {
				"north": {"uv": [4.5, 11, 5, 11.5], "texture": "#0"},
				"east": {"uv": [11, 4.5, 11.5, 5], "texture": "#0"},
				"south": {"uv": [5, 11, 5.5, 11.5], "texture": "#0"},
				"west": {"uv": [11, 5, 11.5, 5.5], "texture": "#0"},
				"up": {"uv": [6, 11.5, 5.5, 11], "texture": "#0"},
				"down": {"uv": [11.5, 5.5, 11, 6], "texture": "#0"}
			}
		},
		{
			"from": [2, 7, 8],
			"to": [3, 8, 9],
			"faces": {
				"north": {"uv": [3, 11, 3.5, 11.5], "texture": "#0"},
				"east": {"uv": [11, 3, 11.5, 3.5], "texture": "#0"},
				"south": {"uv": [3.5, 11, 4, 11.5], "texture": "#0"},
				"west": {"uv": [11, 3.5, 11.5, 4], "texture": "#0"},
				"up": {"uv": [4.5, 11.5, 4, 11], "texture": "#0"},
				"down": {"uv": [11.5, 4, 11, 4.5], "texture": "#0"}
			}
		},
		{
			"from": [2, 8, 8],
			"to": [3, 9, 9],
			"faces": {
				"north": {"uv": [0, 0, 1, 1], "texture": "#1"},
				"east": {"uv": [0, 1, 1, 2], "texture": "#1"},
				"south": {"uv": [1, 0, 2, 1], "texture": "#1"},
				"west": {"uv": [1, 1, 2, 2], "texture": "#1"},
				"up": {"uv": [1, 3, 0, 2], "texture": "#1"},
				"down": {"uv": [3, 0, 2, 1], "texture": "#1"}
			}
		},
		{
			"from": [3, 6, 8],
			"to": [4, 7, 9],
			"faces": {
				"north": {"uv": [1.5, 11, 2, 11.5], "texture": "#0"},
				"east": {"uv": [11, 1.5, 11.5, 2], "texture": "#0"},
				"south": {"uv": [2, 11, 2.5, 11.5], "texture": "#0"},
				"west": {"uv": [11, 2, 11.5, 2.5], "texture": "#0"},
				"up": {"uv": [3, 11.5, 2.5, 11], "texture": "#0"},
				"down": {"uv": [11.5, 2.5, 11, 3], "texture": "#0"}
			}
		},
		{
			"from": [4, 6, 8],
			"to": [5, 7, 9],
			"faces": {
				"north": {"uv": [0, 11, 0.5, 11.5], "texture": "#0"},
				"east": {"uv": [11, 0, 11.5, 0.5], "texture": "#0"},
				"south": {"uv": [0.5, 11, 1, 11.5], "texture": "#0"},
				"west": {"uv": [11, 0.5, 11.5, 1], "texture": "#0"},
				"up": {"uv": [1.5, 11.5, 1, 11], "texture": "#0"},
				"down": {"uv": [11.5, 1, 11, 1.5], "texture": "#0"}
			}
		},
		{
			"from": [5, 6, 8],
			"to": [6, 7, 9],
			"faces": {
				"north": {"uv": [10.5, 9, 11, 9.5], "texture": "#0"},
				"east": {"uv": [9.5, 10.5, 10, 11], "texture": "#0"},
				"south": {"uv": [10.5, 9.5, 11, 10], "texture": "#0"},
				"west": {"uv": [10, 10.5, 10.5, 11], "texture": "#0"},
				"up": {"uv": [11, 10.5, 10.5, 10], "texture": "#0"},
				"down": {"uv": [11, 10.5, 10.5, 11], "texture": "#0"}
			}
		},
		{
			"from": [6, 6, 8],
			"to": [7, 7, 9],
			"faces": {
				"north": {"uv": [10.5, 7.5, 11, 8], "texture": "#0"},
				"east": {"uv": [8, 10.5, 8.5, 11], "texture": "#0"},
				"south": {"uv": [10.5, 8, 11, 8.5], "texture": "#0"},
				"west": {"uv": [8.5, 10.5, 9, 11], "texture": "#0"},
				"up": {"uv": [11, 9, 10.5, 8.5], "texture": "#0"},
				"down": {"uv": [9.5, 10.5, 9, 11], "texture": "#0"}
			}
		},
		{
			"from": [6, 7, 8],
			"to": [7, 8, 9],
			"faces": {
				"north": {"uv": [13.5, 0, 14, 0.5], "texture": "#0"},
				"east": {"uv": [0.5, 13.5, 1, 14], "texture": "#0"},
				"south": {"uv": [13.5, 0.5, 14, 1], "texture": "#0"},
				"west": {"uv": [1, 13.5, 1.5, 14], "texture": "#0"},
				"up": {"uv": [14, 1.5, 13.5, 1], "texture": "#0"},
				"down": {"uv": [2, 13.5, 1.5, 14], "texture": "#0"}
			}
		},
		{
			"from": [5, 7, 8],
			"to": [6, 8, 9],
			"faces": {
				"north": {"uv": [12, 13, 12.5, 13.5], "texture": "#0"},
				"east": {"uv": [13, 12, 13.5, 12.5], "texture": "#0"},
				"south": {"uv": [12.5, 13, 13, 13.5], "texture": "#0"},
				"west": {"uv": [13, 12.5, 13.5, 13], "texture": "#0"},
				"up": {"uv": [13.5, 13.5, 13, 13], "texture": "#0"},
				"down": {"uv": [0.5, 13.5, 0, 14], "texture": "#0"}
			}
		},
		{
			"from": [4, 7, 8],
			"to": [5, 8, 9],
			"faces": {
				"north": {"uv": [10.5, 13, 11, 13.5], "texture": "#0"},
				"east": {"uv": [13, 10.5, 13.5, 11], "texture": "#0"},
				"south": {"uv": [11, 13, 11.5, 13.5], "texture": "#0"},
				"west": {"uv": [13, 11, 13.5, 11.5], "texture": "#0"},
				"up": {"uv": [12, 13.5, 11.5, 13], "texture": "#0"},
				"down": {"uv": [13.5, 11.5, 13, 12], "texture": "#0"}
			}
		},
		{
			"from": [6, 8, 8],
			"to": [7, 9, 9],
			"faces": {
				"north": {"uv": [13.5, 4.5, 14, 5], "texture": "#0"},
				"east": {"uv": [5, 13.5, 5.5, 14], "texture": "#0"},
				"south": {"uv": [13.5, 5, 14, 5.5], "texture": "#0"},
				"west": {"uv": [5.5, 13.5, 6, 14], "texture": "#0"},
				"up": {"uv": [14, 6, 13.5, 5.5], "texture": "#0"},
				"down": {"uv": [6.5, 13.5, 6, 14], "texture": "#0"}
			}
		},
		{
			"from": [5, 8, 8],
			"to": [6, 9, 9],
			"faces": {
				"north": {"uv": [13.5, 3, 14, 3.5], "texture": "#0"},
				"east": {"uv": [3.5, 13.5, 4, 14], "texture": "#0"},
				"south": {"uv": [13.5, 3.5, 14, 4], "texture": "#0"},
				"west": {"uv": [4, 13.5, 4.5, 14], "texture": "#0"},
				"up": {"uv": [14, 4.5, 13.5, 4], "texture": "#0"},
				"down": {"uv": [5, 13.5, 4.5, 14], "texture": "#0"}
			}
		},
		{
			"from": [3, 8, 8],
			"to": [4, 9, 9],
			"faces": {
				"north": {"uv": [13.5, 1.5, 14, 2], "texture": "#0"},
				"east": {"uv": [2, 13.5, 2.5, 14], "texture": "#0"},
				"south": {"uv": [13.5, 2, 14, 2.5], "texture": "#0"},
				"west": {"uv": [2.5, 13.5, 3, 14], "texture": "#0"},
				"up": {"uv": [14, 3, 13.5, 2.5], "texture": "#0"},
				"down": {"uv": [3.5, 13.5, 3, 14], "texture": "#0"}
			}
		},
		{
			"from": [6, 9, 8],
			"to": [7, 10, 9],
			"faces": {
				"north": {"uv": [13.5, 9, 14, 9.5], "texture": "#0"},
				"east": {"uv": [9.5, 13.5, 10, 14], "texture": "#0"},
				"south": {"uv": [13.5, 9.5, 14, 10], "texture": "#0"},
				"west": {"uv": [10, 13.5, 10.5, 14], "texture": "#0"},
				"up": {"uv": [14, 10.5, 13.5, 10], "texture": "#0"},
				"down": {"uv": [11, 13.5, 10.5, 14], "texture": "#0"}
			}
		},
		{
			"from": [5, 9, 8],
			"to": [6, 10, 9],
			"faces": {
				"north": {"uv": [13.5, 7.5, 14, 8], "texture": "#0"},
				"east": {"uv": [8, 13.5, 8.5, 14], "texture": "#0"},
				"south": {"uv": [13.5, 8, 14, 8.5], "texture": "#0"},
				"west": {"uv": [8.5, 13.5, 9, 14], "texture": "#0"},
				"up": {"uv": [14, 9, 13.5, 8.5], "texture": "#0"},
				"down": {"uv": [9.5, 13.5, 9, 14], "texture": "#0"}
			}
		},
		{
			"from": [3, 9, 8],
			"to": [4, 10, 9],
			"faces": {
				"north": {"uv": [13.5, 6, 14, 6.5], "texture": "#0"},
				"east": {"uv": [6.5, 13.5, 7, 14], "texture": "#0"},
				"south": {"uv": [13.5, 6.5, 14, 7], "texture": "#0"},
				"west": {"uv": [7, 13.5, 7.5, 14], "texture": "#0"},
				"up": {"uv": [14, 7.5, 13.5, 7], "texture": "#0"},
				"down": {"uv": [8, 13.5, 7.5, 14], "texture": "#0"}
			}
		},
		{
			"from": [4, 8, 8],
			"to": [5, 9, 9],
			"faces": {
				"north": {"uv": [1.5, 14, 2, 14.5], "texture": "#0"},
				"east": {"uv": [14, 1.5, 14.5, 2], "texture": "#0"},
				"south": {"uv": [2, 14, 2.5, 14.5], "texture": "#0"},
				"west": {"uv": [14, 2, 14.5, 2.5], "texture": "#0"},
				"up": {"uv": [3, 14.5, 2.5, 14], "texture": "#0"},
				"down": {"uv": [14.5, 2.5, 14, 3], "texture": "#0"}
			}
		},
		{
			"from": [4, 9, 8],
			"to": [5, 10, 9],
			"faces": {
				"north": {"uv": [0, 14, 0.5, 14.5], "texture": "#0"},
				"east": {"uv": [14, 0, 14.5, 0.5], "texture": "#0"},
				"south": {"uv": [0.5, 14, 1, 14.5], "texture": "#0"},
				"west": {"uv": [14, 0.5, 14.5, 1], "texture": "#0"},
				"up": {"uv": [1.5, 14.5, 1, 14], "texture": "#0"},
				"down": {"uv": [14.5, 1, 14, 1.5], "texture": "#0"}
			}
		},
		{
			"from": [5, 10, 8],
			"to": [6, 11, 9],
			"faces": {
				"north": {"uv": [13.5, 12, 14, 12.5], "texture": "#0"},
				"east": {"uv": [12.5, 13.5, 13, 14], "texture": "#0"},
				"south": {"uv": [13.5, 12.5, 14, 13], "texture": "#0"},
				"west": {"uv": [13, 13.5, 13.5, 14], "texture": "#0"},
				"up": {"uv": [14, 13.5, 13.5, 13], "texture": "#0"},
				"down": {"uv": [14, 13.5, 13.5, 14], "texture": "#0"}
			}
		},
		{
			"from": [4, 10, 8],
			"to": [5, 11, 9],
			"faces": {
				"north": {"uv": [13.5, 10.5, 14, 11], "texture": "#0"},
				"east": {"uv": [11, 13.5, 11.5, 14], "texture": "#0"},
				"south": {"uv": [13.5, 11, 14, 11.5], "texture": "#0"},
				"west": {"uv": [11.5, 13.5, 12, 14], "texture": "#0"},
				"up": {"uv": [14, 12, 13.5, 11.5], "texture": "#0"},
				"down": {"uv": [12.5, 13.5, 12, 14], "texture": "#0"}
			}
		},
		{
			"from": [6, 5, 8],
			"to": [7, 6, 9],
			"faces": {
				"north": {"uv": [10.5, 6, 11, 6.5], "texture": "#0"},
				"east": {"uv": [6.5, 10.5, 7, 11], "texture": "#0"},
				"south": {"uv": [10.5, 6.5, 11, 7], "texture": "#0"},
				"west": {"uv": [7, 10.5, 7.5, 11], "texture": "#0"},
				"up": {"uv": [11, 7.5, 10.5, 7], "texture": "#0"},
				"down": {"uv": [8, 10.5, 7.5, 11], "texture": "#0"}
			}
		},
		{
			"from": [7, 5, 8],
			"to": [8, 6, 9],
			"faces": {
				"north": {"uv": [10.5, 4.5, 11, 5], "texture": "#0"},
				"east": {"uv": [5, 10.5, 5.5, 11], "texture": "#0"},
				"south": {"uv": [10.5, 5, 11, 5.5], "texture": "#0"},
				"west": {"uv": [5.5, 10.5, 6, 11], "texture": "#0"},
				"up": {"uv": [11, 6, 10.5, 5.5], "texture": "#0"},
				"down": {"uv": [6.5, 10.5, 6, 11], "texture": "#0"}
			}
		},
		{
			"from": [8, 5, 8],
			"to": [9, 6, 9],
			"faces": {
				"north": {"uv": [10.5, 3, 11, 3.5], "texture": "#0"},
				"east": {"uv": [3.5, 10.5, 4, 11], "texture": "#0"},
				"south": {"uv": [10.5, 3.5, 11, 4], "texture": "#0"},
				"west": {"uv": [4, 10.5, 4.5, 11], "texture": "#0"},
				"up": {"uv": [11, 4.5, 10.5, 4], "texture": "#0"},
				"down": {"uv": [5, 10.5, 4.5, 11], "texture": "#0"}
			}
		},
		{
			"from": [9, 5, 8],
			"to": [10, 6, 9],
			"faces": {
				"north": {"uv": [10.5, 1.5, 11, 2], "texture": "#0"},
				"east": {"uv": [2, 10.5, 2.5, 11], "texture": "#0"},
				"south": {"uv": [10.5, 2, 11, 2.5], "texture": "#0"},
				"west": {"uv": [2.5, 10.5, 3, 11], "texture": "#0"},
				"up": {"uv": [11, 3, 10.5, 2.5], "texture": "#0"},
				"down": {"uv": [3.5, 10.5, 3, 11], "texture": "#0"}
			}
		},
		{
			"from": [7, 6, 8],
			"to": [8, 7, 9],
			"faces": {
				"north": {"uv": [12.5, 9.5, 13, 10], "texture": "#0"},
				"east": {"uv": [10, 12.5, 10.5, 13], "texture": "#0"},
				"south": {"uv": [12.5, 10, 13, 10.5], "texture": "#0"},
				"west": {"uv": [10.5, 12.5, 11, 13], "texture": "#0"},
				"up": {"uv": [13, 11, 12.5, 10.5], "texture": "#0"},
				"down": {"uv": [11.5, 12.5, 11, 13], "texture": "#0"}
			}
		},
		{
			"from": [8, 6, 8],
			"to": [9, 7, 9],
			"faces": {
				"north": {"uv": [12.5, 8, 13, 8.5], "texture": "#0"},
				"east": {"uv": [8.5, 12.5, 9, 13], "texture": "#0"},
				"south": {"uv": [12.5, 8.5, 13, 9], "texture": "#0"},
				"west": {"uv": [9, 12.5, 9.5, 13], "texture": "#0"},
				"up": {"uv": [13, 9.5, 12.5, 9], "texture": "#0"},
				"down": {"uv": [10, 12.5, 9.5, 13], "texture": "#0"}
			}
		},
		{
			"from": [9, 6, 8],
			"to": [10, 7, 9],
			"faces": {
				"north": {"uv": [12.5, 6.5, 13, 7], "texture": "#0"},
				"east": {"uv": [7, 12.5, 7.5, 13], "texture": "#0"},
				"south": {"uv": [12.5, 7, 13, 7.5], "texture": "#0"},
				"west": {"uv": [7.5, 12.5, 8, 13], "texture": "#0"},
				"up": {"uv": [13, 8, 12.5, 7.5], "texture": "#0"},
				"down": {"uv": [8.5, 12.5, 8, 13], "texture": "#0"}
			}
		},
		{
			"from": [7, 7, 8],
			"to": [8, 8, 9],
			"faces": {
				"north": {"uv": [1.5, 13, 2, 13.5], "texture": "#0"},
				"east": {"uv": [13, 1.5, 13.5, 2], "texture": "#0"},
				"south": {"uv": [2, 13, 2.5, 13.5], "texture": "#0"},
				"west": {"uv": [13, 2, 13.5, 2.5], "texture": "#0"},
				"up": {"uv": [3, 13.5, 2.5, 13], "texture": "#0"},
				"down": {"uv": [13.5, 2.5, 13, 3], "texture": "#0"}
			}
		},
		{
			"from": [8, 7, 8],
			"to": [9, 8, 9],
			"faces": {
				"north": {"uv": [0, 13, 0.5, 13.5], "texture": "#0"},
				"east": {"uv": [13, 0, 13.5, 0.5], "texture": "#0"},
				"south": {"uv": [0.5, 13, 1, 13.5], "texture": "#0"},
				"west": {"uv": [13, 0.5, 13.5, 1], "texture": "#0"},
				"up": {"uv": [1.5, 13.5, 1, 13], "texture": "#0"},
				"down": {"uv": [13.5, 1, 13, 1.5], "texture": "#0"}
			}
		},
		{
			"from": [9, 7, 8],
			"to": [10, 8, 9],
			"faces": {
				"north": {"uv": [12.5, 11, 13, 11.5], "texture": "#0"},
				"east": {"uv": [11.5, 12.5, 12, 13], "texture": "#0"},
				"south": {"uv": [12.5, 11.5, 13, 12], "texture": "#0"},
				"west": {"uv": [12, 12.5, 12.5, 13], "texture": "#0"},
				"up": {"uv": [13, 12.5, 12.5, 12], "texture": "#0"},
				"down": {"uv": [13, 12.5, 12.5, 13], "texture": "#0"}
			}
		},
		{
			"from": [7, 8, 8],
			"to": [8, 9, 9],
			"faces": {
				"north": {"uv": [6, 13, 6.5, 13.5], "texture": "#0"},
				"east": {"uv": [13, 6, 13.5, 6.5], "texture": "#0"},
				"south": {"uv": [6.5, 13, 7, 13.5], "texture": "#0"},
				"west": {"uv": [13, 6.5, 13.5, 7], "texture": "#0"},
				"up": {"uv": [7.5, 13.5, 7, 13], "texture": "#0"},
				"down": {"uv": [13.5, 7, 13, 7.5], "texture": "#0"}
			}
		},
		{
			"from": [8, 8, 8],
			"to": [9, 9, 9],
			"faces": {
				"north": {"uv": [4.5, 13, 5, 13.5], "texture": "#0"},
				"east": {"uv": [13, 4.5, 13.5, 5], "texture": "#0"},
				"south": {"uv": [5, 13, 5.5, 13.5], "texture": "#0"},
				"west": {"uv": [13, 5, 13.5, 5.5], "texture": "#0"},
				"up": {"uv": [6, 13.5, 5.5, 13], "texture": "#0"},
				"down": {"uv": [13.5, 5.5, 13, 6], "texture": "#0"}
			}
		},
		{
			"from": [7, 9, 8],
			"to": [8, 10, 9],
			"faces": {
				"north": {"uv": [9, 13, 9.5, 13.5], "texture": "#0"},
				"east": {"uv": [13, 9, 13.5, 9.5], "texture": "#0"},
				"south": {"uv": [9.5, 13, 10, 13.5], "texture": "#0"},
				"west": {"uv": [13, 9.5, 13.5, 10], "texture": "#0"},
				"up": {"uv": [10.5, 13.5, 10, 13], "texture": "#0"},
				"down": {"uv": [13.5, 10, 13, 10.5], "texture": "#0"}
			}
		},
		{
			"from": [8, 9, 8],
			"to": [9, 10, 9],
			"faces": {
				"north": {"uv": [7.5, 13, 8, 13.5], "texture": "#0"},
				"east": {"uv": [13, 7.5, 13.5, 8], "texture": "#0"},
				"south": {"uv": [8, 13, 8.5, 13.5], "texture": "#0"},
				"west": {"uv": [13, 8, 13.5, 8.5], "texture": "#0"},
				"up": {"uv": [9, 13.5, 8.5, 13], "texture": "#0"},
				"down": {"uv": [13.5, 8.5, 13, 9], "texture": "#0"}
			}
		},
		{
			"from": [9, 8, 8],
			"to": [10, 9, 9],
			"faces": {
				"north": {"uv": [3, 13, 3.5, 13.5], "texture": "#0"},
				"east": {"uv": [13, 3, 13.5, 3.5], "texture": "#0"},
				"south": {"uv": [3.5, 13, 4, 13.5], "texture": "#0"},
				"west": {"uv": [13, 3.5, 13.5, 4], "texture": "#0"},
				"up": {"uv": [4.5, 13.5, 4, 13], "texture": "#0"},
				"down": {"uv": [13.5, 4, 13, 4.5], "texture": "#0"}
			}
		},
		{
			"from": [9, 4, 8],
			"to": [10, 5, 9],
			"faces": {
				"north": {"uv": [10.5, 0, 11, 0.5], "texture": "#0"},
				"east": {"uv": [0.5, 10.5, 1, 11], "texture": "#0"},
				"south": {"uv": [10.5, 0.5, 11, 1], "texture": "#0"},
				"west": {"uv": [1, 10.5, 1.5, 11], "texture": "#0"},
				"up": {"uv": [11, 1.5, 10.5, 1], "texture": "#0"},
				"down": {"uv": [2, 10.5, 1.5, 11], "texture": "#0"}
			}
		},
		{
			"from": [10, 4, 8],
			"to": [11, 5, 9],
			"faces": {
				"north": {"uv": [9, 10, 9.5, 10.5], "texture": "#0"},
				"east": {"uv": [10, 9, 10.5, 9.5], "texture": "#0"},
				"south": {"uv": [9.5, 10, 10, 10.5], "texture": "#0"},
				"west": {"uv": [10, 9.5, 10.5, 10], "texture": "#0"},
				"up": {"uv": [10.5, 10.5, 10, 10], "texture": "#0"},
				"down": {"uv": [0.5, 10.5, 0, 11], "texture": "#0"}
			}
		},
		{
			"from": [11, 4, 8],
			"to": [12, 5, 9],
			"faces": {
				"north": {"uv": [7.5, 10, 8, 10.5], "texture": "#0"},
				"east": {"uv": [10, 7.5, 10.5, 8], "texture": "#0"},
				"south": {"uv": [8, 10, 8.5, 10.5], "texture": "#0"},
				"west": {"uv": [10, 8, 10.5, 8.5], "texture": "#0"},
				"up": {"uv": [9, 10.5, 8.5, 10], "texture": "#0"},
				"down": {"uv": [10.5, 8.5, 10, 9], "texture": "#0"}
			}
		},
		{
			"from": [11, 7, 8],
			"to": [12, 8, 9],
			"faces": {
				"north": {"uv": [12.5, 0.5, 13, 1], "texture": "#0"},
				"east": {"uv": [1, 12.5, 1.5, 13], "texture": "#0"},
				"south": {"uv": [12.5, 1, 13, 1.5], "texture": "#0"},
				"west": {"uv": [1.5, 12.5, 2, 13], "texture": "#0"},
				"up": {"uv": [13, 2, 12.5, 1.5], "texture": "#0"},
				"down": {"uv": [2.5, 12.5, 2, 13], "texture": "#0"}
			}
		},
		{
			"from": [10, 7, 8],
			"to": [11, 8, 9],
			"faces": {
				"north": {"uv": [11.5, 12, 12, 12.5], "texture": "#0"},
				"east": {"uv": [12, 11.5, 12.5, 12], "texture": "#0"},
				"south": {"uv": [12, 12, 12.5, 12.5], "texture": "#0"},
				"west": {"uv": [0, 12.5, 0.5, 13], "texture": "#0"},
				"up": {"uv": [13, 0.5, 12.5, 0], "texture": "#0"},
				"down": {"uv": [1, 12.5, 0.5, 13], "texture": "#0"}
			}
		},
		{
			"from": [11, 8, 8],
			"to": [12, 9, 9],
			"faces": {
				"north": {"uv": [12.5, 3.5, 13, 4], "texture": "#0"},
				"east": {"uv": [4, 12.5, 4.5, 13], "texture": "#0"},
				"south": {"uv": [12.5, 4, 13, 4.5], "texture": "#0"},
				"west": {"uv": [4.5, 12.5, 5, 13], "texture": "#0"},
				"up": {"uv": [13, 5, 12.5, 4.5], "texture": "#0"},
				"down": {"uv": [5.5, 12.5, 5, 13], "texture": "#0"}
			}
		},
		{
			"from": [10, 8, 8],
			"to": [11, 9, 9],
			"faces": {
				"north": {"uv": [12.5, 2, 13, 2.5], "texture": "#0"},
				"east": {"uv": [2.5, 12.5, 3, 13], "texture": "#0"},
				"south": {"uv": [12.5, 2.5, 13, 3], "texture": "#0"},
				"west": {"uv": [3, 12.5, 3.5, 13], "texture": "#0"},
				"up": {"uv": [13, 3.5, 12.5, 3], "texture": "#0"},
				"down": {"uv": [4, 12.5, 3.5, 13], "texture": "#0"}
			}
		},
		{
			"from": [10, 5, 8],
			"to": [11, 6, 9],
			"faces": {
				"north": {"uv": [10, 12, 10.5, 12.5], "texture": "#0"},
				"east": {"uv": [12, 10, 12.5, 10.5], "texture": "#0"},
				"south": {"uv": [10.5, 12, 11, 12.5], "texture": "#0"},
				"west": {"uv": [12, 10.5, 12.5, 11], "texture": "#0"},
				"up": {"uv": [11.5, 12.5, 11, 12], "texture": "#0"},
				"down": {"uv": [12.5, 11, 12, 11.5], "texture": "#0"}
			}
		},
		{
			"from": [10, 6, 8],
			"to": [11, 7, 9],
			"faces": {
				"north": {"uv": [8.5, 12, 9, 12.5], "texture": "#0"},
				"east": {"uv": [12, 8.5, 12.5, 9], "texture": "#0"},
				"south": {"uv": [9, 12, 9.5, 12.5], "texture": "#0"},
				"west": {"uv": [12, 9, 12.5, 9.5], "texture": "#0"},
				"up": {"uv": [10, 12.5, 9.5, 12], "texture": "#0"},
				"down": {"uv": [12.5, 9.5, 12, 10], "texture": "#0"}
			}
		},
		{
			"from": [11, 5, 8],
			"to": [12, 6, 9],
			"faces": {
				"north": {"uv": [7, 12, 7.5, 12.5], "texture": "#0"},
				"east": {"uv": [12, 7, 12.5, 7.5], "texture": "#0"},
				"south": {"uv": [7.5, 12, 8, 12.5], "texture": "#0"},
				"west": {"uv": [12, 7.5, 12.5, 8], "texture": "#0"},
				"up": {"uv": [8.5, 12.5, 8, 12], "texture": "#0"},
				"down": {"uv": [12.5, 8, 12, 8.5], "texture": "#0"}
			}
		},
		{
			"from": [11, 6, 8],
			"to": [12, 7, 9],
			"faces": {
				"north": {"uv": [5.5, 12, 6, 12.5], "texture": "#0"},
				"east": {"uv": [12, 5.5, 12.5, 6], "texture": "#0"},
				"south": {"uv": [6, 12, 6.5, 12.5], "texture": "#0"},
				"west": {"uv": [12, 6, 12.5, 6.5], "texture": "#0"},
				"up": {"uv": [7, 12.5, 6.5, 12], "texture": "#0"},
				"down": {"uv": [12.5, 6.5, 12, 7], "texture": "#0"}
			}
		},
		{
			"from": [12, 4, 8],
			"to": [13, 5, 9],
			"faces": {
				"north": {"uv": [6, 10, 6.5, 10.5], "texture": "#0"},
				"east": {"uv": [10, 6, 10.5, 6.5], "texture": "#0"},
				"south": {"uv": [6.5, 10, 7, 10.5], "texture": "#0"},
				"west": {"uv": [10, 6.5, 10.5, 7], "texture": "#0"},
				"up": {"uv": [7.5, 10.5, 7, 10], "texture": "#0"},
				"down": {"uv": [10.5, 7, 10, 7.5], "texture": "#0"}
			}
		},
		{
			"from": [13, 3, 8],
			"to": [14, 4, 9],
			"faces": {
				"north": {"uv": [10.5, 11, 11, 11.5], "texture": "#0"},
				"east": {"uv": [11, 10.5, 11.5, 11], "texture": "#0"},
				"south": {"uv": [11, 11, 11.5, 11.5], "texture": "#0"},
				"west": {"uv": [0, 11.5, 0.5, 12], "texture": "#0"},
				"up": {"uv": [12, 0.5, 11.5, 0], "texture": "#0"},
				"down": {"uv": [1, 11.5, 0.5, 12], "texture": "#0"}
			}
		},
		{
			"from": [13, 2, 8],
			"to": [14, 3, 9],
			"faces": {
				"north": {"uv": [9, 11, 9.5, 11.5], "texture": "#0"},
				"east": {"uv": [11, 9, 11.5, 9.5], "texture": "#0"},
				"south": {"uv": [9.5, 11, 10, 11.5], "texture": "#0"},
				"west": {"uv": [11, 9.5, 11.5, 10], "texture": "#0"},
				"up": {"uv": [10.5, 11.5, 10, 11], "texture": "#0"},
				"down": {"uv": [11.5, 10, 11, 10.5], "texture": "#0"}
			}
		},
		{
			"from": [13, 4, 8],
			"to": [14, 5, 9],
			"faces": {
				"north": {"uv": [7.5, 11, 8, 11.5], "texture": "#0"},
				"east": {"uv": [11, 7.5, 11.5, 8], "texture": "#0"},
				"south": {"uv": [8, 11, 8.5, 11.5], "texture": "#0"},
				"west": {"uv": [11, 8, 11.5, 8.5], "texture": "#0"},
				"up": {"uv": [9, 11.5, 8.5, 11], "texture": "#0"},
				"down": {"uv": [11.5, 8.5, 11, 9], "texture": "#0"}
			}
		},
		{
			"from": [14, 4, 8],
			"to": [15, 5, 9],
			"faces": {
				"north": {"uv": [11.5, 2, 12, 2.5], "texture": "#0"},
				"east": {"uv": [2.5, 11.5, 3, 12], "texture": "#0"},
				"south": {"uv": [11.5, 2.5, 12, 3], "texture": "#0"},
				"west": {"uv": [3, 11.5, 3.5, 12], "texture": "#0"},
				"up": {"uv": [12, 3.5, 11.5, 3], "texture": "#0"},
				"down": {"uv": [4, 11.5, 3.5, 12], "texture": "#0"}
			}
		},
		{
			"from": [14, 3, 8],
			"to": [15, 4, 9],
			"faces": {
				"north": {"uv": [11.5, 0.5, 12, 1], "texture": "#0"},
				"east": {"uv": [1, 11.5, 1.5, 12], "texture": "#0"},
				"south": {"uv": [11.5, 1, 12, 1.5], "texture": "#0"},
				"west": {"uv": [1.5, 11.5, 2, 12], "texture": "#0"},
				"up": {"uv": [12, 2, 11.5, 1.5], "texture": "#0"},
				"down": {"uv": [2.5, 11.5, 2, 12], "texture": "#0"}
			}
		},
		{
			"from": [14, 6, 8],
			"to": [15, 7, 9],
			"faces": {
				"north": {"uv": [11.5, 11, 12, 11.5], "texture": "#0"},
				"east": {"uv": [11.5, 11.5, 12, 12], "texture": "#0"},
				"south": {"uv": [0, 12, 0.5, 12.5], "texture": "#0"},
				"west": {"uv": [12, 0, 12.5, 0.5], "texture": "#0"},
				"up": {"uv": [1, 12.5, 0.5, 12], "texture": "#0"},
				"down": {"uv": [12.5, 0.5, 12, 1], "texture": "#0"}
			}
		},
		{
			"from": [14, 5, 8],
			"to": [15, 6, 9],
			"faces": {
				"north": {"uv": [11.5, 9.5, 12, 10], "texture": "#0"},
				"east": {"uv": [10, 11.5, 10.5, 12], "texture": "#0"},
				"south": {"uv": [11.5, 10, 12, 10.5], "texture": "#0"},
				"west": {"uv": [10.5, 11.5, 11, 12], "texture": "#0"},
				"up": {"uv": [12, 11, 11.5, 10.5], "texture": "#0"},
				"down": {"uv": [11.5, 11.5, 11, 12], "texture": "#0"}
			}
		},
		{
			"from": [13, 5, 8],
			"to": [14, 6, 9],
			"faces": {
				"north": {"uv": [11.5, 8, 12, 8.5], "texture": "#0"},
				"east": {"uv": [8.5, 11.5, 9, 12], "texture": "#0"},
				"south": {"uv": [11.5, 8.5, 12, 9], "texture": "#0"},
				"west": {"uv": [9, 11.5, 9.5, 12], "texture": "#0"},
				"up": {"uv": [12, 9.5, 11.5, 9], "texture": "#0"},
				"down": {"uv": [10, 11.5, 9.5, 12], "texture": "#0"}
			}
		},
		{
			"from": [12, 6, 8],
			"to": [13, 7, 9],
			"faces": {
				"north": {"uv": [11.5, 6.5, 12, 7], "texture": "#0"},
				"east": {"uv": [7, 11.5, 7.5, 12], "texture": "#0"},
				"south": {"uv": [11.5, 7, 12, 7.5], "texture": "#0"},
				"west": {"uv": [7.5, 11.5, 8, 12], "texture": "#0"},
				"up": {"uv": [12, 8, 11.5, 7.5], "texture": "#0"},
				"down": {"uv": [8.5, 11.5, 8, 12], "texture": "#0"}
			}
		},
		{
			"from": [12, 5, 8],
			"to": [13, 6, 9],
			"faces": {
				"north": {"uv": [11.5, 5, 12, 5.5], "texture": "#0"},
				"east": {"uv": [5.5, 11.5, 6, 12], "texture": "#0"},
				"south": {"uv": [11.5, 5.5, 12, 6], "texture": "#0"},
				"west": {"uv": [6, 11.5, 6.5, 12], "texture": "#0"},
				"up": {"uv": [12, 6.5, 11.5, 6], "texture": "#0"},
				"down": {"uv": [7, 11.5, 6.5, 12], "texture": "#0"}
			}
		},
		{
			"from": [13, 6, 8],
			"to": [14, 7, 9],
			"faces": {
				"north": {"uv": [11.5, 3.5, 12, 4], "texture": "#0"},
				"east": {"uv": [4, 11.5, 4.5, 12], "texture": "#0"},
				"south": {"uv": [11.5, 4, 12, 4.5], "texture": "#0"},
				"west": {"uv": [4.5, 11.5, 5, 12], "texture": "#0"},
				"up": {"uv": [12, 5, 11.5, 4.5], "texture": "#0"},
				"down": {"uv": [5.5, 11.5, 5, 12], "texture": "#0"}
			}
		},
		{
			"from": [14, 7, 8],
			"to": [15, 8, 9],
			"faces": {
				"north": {"uv": [4, 12, 4.5, 12.5], "texture": "#0"},
				"east": {"uv": [12, 4, 12.5, 4.5], "texture": "#0"},
				"south": {"uv": [4.5, 12, 5, 12.5], "texture": "#0"},
				"west": {"uv": [12, 4.5, 12.5, 5], "texture": "#0"},
				"up": {"uv": [5.5, 12.5, 5, 12], "texture": "#0"},
				"down": {"uv": [12.5, 5, 12, 5.5], "texture": "#0"}
			}
		},
		{
			"from": [12, 7, 8],
			"to": [13, 8, 9],
			"faces": {
				"north": {"uv": [2.5, 12, 3, 12.5], "texture": "#0"},
				"east": {"uv": [12, 2.5, 12.5, 3], "texture": "#0"},
				"south": {"uv": [3, 12, 3.5, 12.5], "texture": "#0"},
				"west": {"uv": [12, 3, 12.5, 3.5], "texture": "#0"},
				"up": {"uv": [4, 12.5, 3.5, 12], "texture": "#0"},
				"down": {"uv": [12.5, 3.5, 12, 4], "texture": "#0"}
			}
		},
		{
			"from": [13, 7, 8],
			"to": [14, 8, 9],
			"faces": {
				"north": {"uv": [1, 12, 1.5, 12.5], "texture": "#0"},
				"east": {"uv": [12, 1, 12.5, 1.5], "texture": "#0"},
				"south": {"uv": [1.5, 12, 2, 12.5], "texture": "#0"},
				"west": {"uv": [12, 1.5, 12.5, 2], "texture": "#0"},
				"up": {"uv": [2.5, 12.5, 2, 12], "texture": "#0"},
				"down": {"uv": [12.5, 2, 12, 2.5], "texture": "#0"}
			}
		}
	],
	"display": {
		"thirdperson_righthand": {
			"rotation": [0, -90, 0],
			"scale": [0.5, 0.5, 0.5]
		},
		"thirdperson_lefthand": {
			"rotation": [0, -90, 0],
			"scale": [0.5, 0.5, 0.5]
		},
		"firstperson_righthand": {
			"rotation": [0, 90, -20],
			"translation": [4.75, 3.25, -3.25],
			"scale": [0.75, 0.75, 0.75]
		},
		"ground": {
			"translation": [0, 0.5, 0],
			"scale": [0.5, 0.5, 0.5]
		},
		"gui": {
			"translation": [0, 2, 9.25]
		},
		"head": {
			"translation": [0, 0, -7.25]
		},
		"fixed": {
			"translation": [0, 0, -0.5]
		}
	}
}