{
	"credit": "Made with Blockbench",
	"parent": "leather_horse_armor",
	"texture_size": [64, 64],
	"textures": {
		"0": "custom/rubix_cube_hat",
		"1": "custom/rubix_cube_two",
		"particle": "custom/rubix_cube_hat"
	},
	"elements": [
		{
			"from": [2, 0, 5],
			"to": [13, 11, 16],
			"faces": {
				"north": {"uv": [0, 0, 2.75, 2.75], "texture": "#0"},
				"east": {"uv": [0, 2.75, 2.75, 5.5], "texture": "#0"},
				"south": {"uv": [2.75, 0, 5.5, 2.75], "texture": "#0"},
				"west": {"uv": [2.75, 2.75, 5.5, 5.5], "texture": "#0"},
				"up": {"uv": [2.75, 8.25, 0, 5.5], "texture": "#0"},
				"down": {"uv": [8.25, 0, 5.5, 2.75], "texture": "#0"}
			}
		},
		{
			"from": [2, 0, 4.5],
			"to": [5, 3, 5],
			"faces": {
				"north": {"uv": [0.75, 3, 1.5, 3.75], "texture": "#1"},
				"east": {"uv": [6, 8, 6.25, 8.75], "texture": "#1"},
				"south": {"uv": [3, 0.75, 3.75, 1.5], "texture": "#1"},
				"west": {"uv": [6.25, 8, 6.5, 8.75], "texture": "#1"},
				"up": {"uv": [7.25, 8.25, 6.5, 8], "texture": "#1"},
				"down": {"uv": [8, 8, 7.25, 8.25], "texture": "#1"}
			}
		},
		{
			"from": [2, 4, 4.5],
			"to": [5, 7, 5],
			"faces": {
				"north": {"uv": [3.75, 0.75, 4.5, 1.5], "texture": "#1"},
				"east": {"uv": [8.25, 3.25, 8.5, 4], "texture": "#1"},
				"south": {"uv": [1.5, 3.75, 2.25, 4.5], "texture": "#1"},
				"west": {"uv": [4, 8.25, 4.25, 9], "texture": "#1"},
				"up": {"uv": [9, 4.25, 8.25, 4], "texture": "#1"},
				"down": {"uv": [5, 8.25, 4.25, 8.5], "texture": "#1"}
			}
		},
		{
			"from": [2, 8, 4.5],
			"to": [5, 11, 5],
			"faces": {
				"north": {"uv": [3.75, 1.5, 4.5, 2.25], "texture": "#1"},
				"east": {"uv": [8.25, 4.25, 8.5, 5], "texture": "#1"},
				"south": {"uv": [2.25, 3.75, 3, 4.5], "texture": "#1"},
				"west": {"uv": [5, 8.25, 5.25, 9], "texture": "#1"},
				"up": {"uv": [9, 5.25, 8.25, 5], "texture": "#1"},
				"down": {"uv": [6, 8.25, 5.25, 8.5], "texture": "#1"}
			}
		},
		{
			"from": [6, 8, 4.5],
			"to": [9, 11, 5],
			"faces": {
				"north": {"uv": [3.75, 2.25, 4.5, 3], "texture": "#1"},
				"east": {"uv": [8.25, 5.25, 8.5, 6], "texture": "#1"},
				"south": {"uv": [3, 3.75, 3.75, 4.5], "texture": "#1"},
				"west": {"uv": [8.25, 6, 8.5, 6.75], "texture": "#1"},
				"up": {"uv": [7.25, 8.5, 6.5, 8.25], "texture": "#1"},
				"down": {"uv": [9, 6.75, 8.25, 7], "texture": "#1"}
			}
		},
		{
			"from": [6, 4, 4.5],
			"to": [9, 7, 5],
			"faces": {
				"north": {"uv": [3.75, 0, 4.5, 0.75], "texture": "#1"},
				"east": {"uv": [8.25, 2.25, 8.5, 3], "texture": "#1"},
				"south": {"uv": [0.75, 3.75, 1.5, 4.5], "texture": "#1"},
				"west": {"uv": [3, 8.25, 3.25, 9], "texture": "#1"},
				"up": {"uv": [9, 3.25, 8.25, 3], "texture": "#1"},
				"down": {"uv": [4, 8.25, 3.25, 8.5], "texture": "#1"}
			}
		},
		{
			"from": [6, 0, 4.5],
			"to": [9, 3, 5],
			"faces": {
				"north": {"uv": [1.5, 3, 2.25, 3.75], "texture": "#1"},
				"east": {"uv": [8, 8, 8.25, 8.75], "texture": "#1"},
				"south": {"uv": [3, 1.5, 3.75, 2.25], "texture": "#1"},
				"west": {"uv": [0, 8.25, 0.25, 9], "texture": "#1"},
				"up": {"uv": [9, 0.25, 8.25, 0], "texture": "#1"},
				"down": {"uv": [1, 8.25, 0.25, 8.5], "texture": "#1"}
			}
		},
		{
			"from": [10, 8, 4.5],
			"to": [13, 11, 5],
			"faces": {
				"north": {"uv": [3.75, 3, 4.5, 3.75], "texture": "#1"},
				"east": {"uv": [8.25, 7, 8.5, 7.75], "texture": "#1"},
				"south": {"uv": [3.75, 3.75, 4.5, 4.5], "texture": "#1"},
				"west": {"uv": [7.25, 8.25, 7.5, 9], "texture": "#1"},
				"up": {"uv": [9, 8, 8.25, 7.75], "texture": "#1"},
				"down": {"uv": [9, 8, 8.25, 8.25], "texture": "#1"}
			}
		},
		{
			"from": [10, 4, 4.5],
			"to": [13, 7, 5],
			"faces": {
				"north": {"uv": [3, 3, 3.75, 3.75], "texture": "#1"},
				"east": {"uv": [8.25, 1.25, 8.5, 2], "texture": "#1"},
				"south": {"uv": [0, 3.75, 0.75, 4.5], "texture": "#1"},
				"west": {"uv": [2, 8.25, 2.25, 9], "texture": "#1"},
				"up": {"uv": [9, 2.25, 8.25, 2], "texture": "#1"},
				"down": {"uv": [3, 8.25, 2.25, 8.5], "texture": "#1"}
			}
		},
		{
			"from": [10, 0, 4.5],
			"to": [13, 3, 5],
			"faces": {
				"north": {"uv": [2.25, 3, 3, 3.75], "texture": "#1"},
				"east": {"uv": [8.25, 0.25, 8.5, 1], "texture": "#1"},
				"south": {"uv": [3, 2.25, 3.75, 3], "texture": "#1"},
				"west": {"uv": [1, 8.25, 1.25, 9], "texture": "#1"},
				"up": {"uv": [9, 1.25, 8.25, 1], "texture": "#1"},
				"down": {"uv": [2, 8.25, 1.25, 8.5], "texture": "#1"}
			}
		},
		{
			"from": [10, 11, 13],
			"to": [13, 11.5, 16],
			"faces": {
				"north": {"uv": [9.75, 2.75, 10.5, 3], "texture": "#1"},
				"east": {"uv": [9.75, 3.75, 10.5, 4], "texture": "#1"},
				"south": {"uv": [9.75, 4, 10.5, 4.25], "texture": "#1"},
				"west": {"uv": [9.75, 5, 10.5, 5.25], "texture": "#1"},
				"up": {"uv": [3, 8.25, 2.25, 7.5], "texture": "#1"},
				"down": {"uv": [8.25, 2.25, 7.5, 3], "texture": "#1"}
			}
		},
		{
			"from": [6, 11, 13],
			"to": [9, 11.5, 16],
			"faces": {
				"north": {"uv": [9.5, 8, 10.25, 8.25], "texture": "#1"},
				"east": {"uv": [9.5, 8.25, 10.25, 8.5], "texture": "#1"},
				"south": {"uv": [9.5, 8.5, 10.25, 8.75], "texture": "#1"},
				"west": {"uv": [9.5, 8.75, 10.25, 9], "texture": "#1"},
				"up": {"uv": [0.75, 8.25, 0, 7.5], "texture": "#1"},
				"down": {"uv": [8.25, 0, 7.5, 0.75], "texture": "#1"}
			}
		},
		{
			"from": [2, 11, 13],
			"to": [5, 11.5, 16],
			"faces": {
				"north": {"uv": [9.5, 7, 10.25, 7.25], "texture": "#1"},
				"east": {"uv": [9.5, 7.25, 10.25, 7.5], "texture": "#1"},
				"south": {"uv": [9.5, 7.5, 10.25, 7.75], "texture": "#1"},
				"west": {"uv": [9.5, 7.75, 10.25, 8], "texture": "#1"},
				"up": {"uv": [7.5, 6.75, 6.75, 6], "texture": "#1"},
				"down": {"uv": [7.5, 6.75, 6.75, 7.5], "texture": "#1"}
			}
		},
		{
			"from": [2, 11, 9],
			"to": [5, 11.5, 12],
			"faces": {
				"north": {"uv": [9.5, 4.75, 10.25, 5], "texture": "#1"},
				"east": {"uv": [9.5, 5.25, 10.25, 5.5], "texture": "#1"},
				"south": {"uv": [9.5, 5.5, 10.25, 5.75], "texture": "#1"},
				"west": {"uv": [9.5, 6.5, 10.25, 6.75], "texture": "#1"},
				"up": {"uv": [7.5, 6, 6.75, 5.25], "texture": "#1"},
				"down": {"uv": [6.75, 6.75, 6, 7.5], "texture": "#1"}
			}
		},
		{
			"from": [6, 11, 9],
			"to": [9, 11.5, 12],
			"faces": {
				"north": {"uv": [9.5, 9, 10.25, 9.25], "texture": "#1"},
				"east": {"uv": [9.5, 9.25, 10.25, 9.5], "texture": "#1"},
				"south": {"uv": [9.5, 9.5, 10.25, 9.75], "texture": "#1"},
				"west": {"uv": [9.75, 0, 10.5, 0.25], "texture": "#1"},
				"up": {"uv": [1.5, 8.25, 0.75, 7.5], "texture": "#1"},
				"down": {"uv": [8.25, 0.75, 7.5, 1.5], "texture": "#1"}
			}
		},
		{
			"from": [10, 11, 9],
			"to": [13, 11.5, 12],
			"faces": {
				"north": {"uv": [9.75, 0.25, 10.5, 0.5], "texture": "#1"},
				"east": {"uv": [9.75, 1.25, 10.5, 1.5], "texture": "#1"},
				"south": {"uv": [9.75, 1.5, 10.5, 1.75], "texture": "#1"},
				"west": {"uv": [9.75, 2.5, 10.5, 2.75], "texture": "#1"},
				"up": {"uv": [2.25, 8.25, 1.5, 7.5], "texture": "#1"},
				"down": {"uv": [8.25, 1.5, 7.5, 2.25], "texture": "#1"}
			}
		},
		{
			"from": [10, 11, 5],
			"to": [13, 11.5, 8],
			"faces": {
				"north": {"uv": [9, 6.75, 9.75, 7], "texture": "#1"},
				"east": {"uv": [9.5, 0.5, 10.25, 0.75], "texture": "#1"},
				"south": {"uv": [9.5, 0.75, 10.25, 1], "texture": "#1"},
				"west": {"uv": [9.5, 1, 10.25, 1.25], "texture": "#1"},
				"up": {"uv": [7.5, 3.75, 6.75, 3], "texture": "#1"},
				"down": {"uv": [4.5, 6.75, 3.75, 7.5], "texture": "#1"}
			}
		},
		{
			"from": [6, 11, 5],
			"to": [9, 11.5, 8],
			"faces": {
				"north": {"uv": [9.5, 1.75, 10.25, 2], "texture": "#1"},
				"east": {"uv": [9.5, 2, 10.25, 2.25], "texture": "#1"},
				"south": {"uv": [9.5, 2.25, 10.25, 2.5], "texture": "#1"},
				"west": {"uv": [9.5, 3, 10.25, 3.25], "texture": "#1"},
				"up": {"uv": [7.5, 4.5, 6.75, 3.75], "texture": "#1"},
				"down": {"uv": [5.25, 6.75, 4.5, 7.5], "texture": "#1"}
			}
		},
		{
			"from": [2, 11, 5],
			"to": [5, 11.5, 8],
			"faces": {
				"north": {"uv": [9.5, 3.25, 10.25, 3.5], "texture": "#1"},
				"east": {"uv": [9.5, 3.5, 10.25, 3.75], "texture": "#1"},
				"south": {"uv": [9.5, 4.25, 10.25, 4.5], "texture": "#1"},
				"west": {"uv": [9.5, 4.5, 10.25, 4.75], "texture": "#1"},
				"up": {"uv": [7.5, 5.25, 6.75, 4.5], "texture": "#1"},
				"down": {"uv": [6, 6.75, 5.25, 7.5], "texture": "#1"}
			}
		},
		{
			"from": [10, -0.5, 13],
			"to": [13, 0, 16],
			"faces": {
				"north": {"uv": [3, 7.5, 3.75, 7.75], "texture": "#1"},
				"east": {"uv": [7.5, 3, 8.25, 3.25], "texture": "#1"},
				"south": {"uv": [7.5, 3.25, 8.25, 3.5], "texture": "#1"},
				"west": {"uv": [7.5, 3.5, 8.25, 3.75], "texture": "#1"},
				"up": {"uv": [0.75, 0.75, 0, 0], "texture": "#1"},
				"down": {"uv": [0.75, 0.75, 0, 1.5], "texture": "#1"}
			}
		},
		{
			"from": [6, -0.5, 13],
			"to": [9, 0, 16],
			"faces": {
				"north": {"uv": [3.75, 7.5, 4.5, 7.75], "texture": "#1"},
				"east": {"uv": [7.5, 3.75, 8.25, 4], "texture": "#1"},
				"south": {"uv": [7.5, 4, 8.25, 4.25], "texture": "#1"},
				"west": {"uv": [7.5, 4.25, 8.25, 4.5], "texture": "#1"},
				"up": {"uv": [1.5, 0.75, 0.75, 0], "texture": "#1"},
				"down": {"uv": [1.5, 0.75, 0.75, 1.5], "texture": "#1"}
			}
		},
		{
			"from": [2, -0.5, 13],
			"to": [5, 0, 16],
			"faces": {
				"north": {"uv": [4.5, 7.5, 5.25, 7.75], "texture": "#1"},
				"east": {"uv": [7.5, 4.5, 8.25, 4.75], "texture": "#1"},
				"south": {"uv": [7.5, 4.75, 8.25, 5], "texture": "#1"},
				"west": {"uv": [7.5, 5, 8.25, 5.25], "texture": "#1"},
				"up": {"uv": [0.75, 2.25, 0, 1.5], "texture": "#1"},
				"down": {"uv": [2.25, 0, 1.5, 0.75], "texture": "#1"}
			}
		},
		{
			"from": [2, -0.5, 9],
			"to": [5, 0, 12],
			"faces": {
				"north": {"uv": [5.25, 7.5, 6, 7.75], "texture": "#1"},
				"east": {"uv": [7.5, 5.25, 8.25, 5.5], "texture": "#1"},
				"south": {"uv": [7.5, 5.5, 8.25, 5.75], "texture": "#1"},
				"west": {"uv": [7.5, 5.75, 8.25, 6], "texture": "#1"},
				"up": {"uv": [1.5, 2.25, 0.75, 1.5], "texture": "#1"},
				"down": {"uv": [2.25, 0.75, 1.5, 1.5], "texture": "#1"}
			}
		},
		{
			"from": [6, -0.5, 9],
			"to": [9, 0, 12],
			"faces": {
				"north": {"uv": [6, 7.5, 6.75, 7.75], "texture": "#1"},
				"east": {"uv": [7.5, 6, 8.25, 6.25], "texture": "#1"},
				"south": {"uv": [7.5, 6.25, 8.25, 6.5], "texture": "#1"},
				"west": {"uv": [7.5, 6.5, 8.25, 6.75], "texture": "#1"},
				"up": {"uv": [2.25, 2.25, 1.5, 1.5], "texture": "#1"},
				"down": {"uv": [0.75, 2.25, 0, 3], "texture": "#1"}
			}
		},
		{
			"from": [10, -0.5, 9],
			"to": [13, 0, 12],
			"faces": {
				"north": {"uv": [6.75, 7.5, 7.5, 7.75], "texture": "#1"},
				"east": {"uv": [7.5, 6.75, 8.25, 7], "texture": "#1"},
				"south": {"uv": [7.5, 7, 8.25, 7.25], "texture": "#1"},
				"west": {"uv": [7.5, 7.25, 8.25, 7.5], "texture": "#1"},
				"up": {"uv": [3, 0.75, 2.25, 0], "texture": "#1"},
				"down": {"uv": [1.5, 2.25, 0.75, 3], "texture": "#1"}
			}
		},
		{
			"from": [10, -0.5, 5],
			"to": [13, 0, 8],
			"faces": {
				"north": {"uv": [7.5, 7.5, 8.25, 7.75], "texture": "#1"},
				"east": {"uv": [3, 7.75, 3.75, 8], "texture": "#1"},
				"south": {"uv": [3.75, 7.75, 4.5, 8], "texture": "#1"},
				"west": {"uv": [4.5, 7.75, 5.25, 8], "texture": "#1"},
				"up": {"uv": [3, 1.5, 2.25, 0.75], "texture": "#1"},
				"down": {"uv": [2.25, 2.25, 1.5, 3], "texture": "#1"}
			}
		},
		{
			"from": [6, -0.5, 5],
			"to": [9, 0, 8],
			"faces": {
				"north": {"uv": [5.25, 7.75, 6, 8], "texture": "#1"},
				"east": {"uv": [6, 7.75, 6.75, 8], "texture": "#1"},
				"south": {"uv": [6.75, 7.75, 7.5, 8], "texture": "#1"},
				"west": {"uv": [7.5, 7.75, 8.25, 8], "texture": "#1"},
				"up": {"uv": [3, 2.25, 2.25, 1.5], "texture": "#1"},
				"down": {"uv": [3, 2.25, 2.25, 3], "texture": "#1"}
			}
		},
		{
			"from": [2, -0.5, 5],
			"to": [5, 0, 8],
			"faces": {
				"north": {"uv": [3, 8, 3.75, 8.25], "texture": "#1"},
				"east": {"uv": [3.75, 8, 4.5, 8.25], "texture": "#1"},
				"south": {"uv": [4.5, 8, 5.25, 8.25], "texture": "#1"},
				"west": {"uv": [5.25, 8, 6, 8.25], "texture": "#1"},
				"up": {"uv": [0.75, 3.75, 0, 3], "texture": "#1"},
				"down": {"uv": [3.75, 0, 3, 0.75], "texture": "#1"}
			}
		},
		{
			"from": [1.5, 8, 5],
			"to": [2, 11, 8],
			"faces": {
				"north": {"uv": [8.5, 0.25, 8.75, 1], "texture": "#1"},
				"east": {"uv": [0.75, 4.5, 1.5, 5.25], "texture": "#1"},
				"south": {"uv": [0.5, 8.5, 0.75, 9.25], "texture": "#1"},
				"west": {"uv": [4.5, 0.75, 5.25, 1.5], "texture": "#1"},
				"up": {"uv": [1, 9.25, 0.75, 8.5], "texture": "#1"},
				"down": {"uv": [1.5, 8.5, 1.25, 9.25], "texture": "#1"}
			}
		},
		{
			"from": [1.5, 8, 9],
			"to": [2, 11, 12],
			"faces": {
				"north": {"uv": [8.5, 1.25, 8.75, 2], "texture": "#1"},
				"east": {"uv": [1.5, 4.5, 2.25, 5.25], "texture": "#1"},
				"south": {"uv": [1.5, 8.5, 1.75, 9.25], "texture": "#1"},
				"west": {"uv": [4.5, 1.5, 5.25, 2.25], "texture": "#1"},
				"up": {"uv": [2, 9.25, 1.75, 8.5], "texture": "#1"},
				"down": {"uv": [2.5, 8.5, 2.25, 9.25], "texture": "#1"}
			}
		},
		{
			"from": [1.5, 8, 13],
			"to": [2, 11, 16],
			"faces": {
				"north": {"uv": [8.5, 2.25, 8.75, 3], "texture": "#1"},
				"east": {"uv": [2.25, 4.5, 3, 5.25], "texture": "#1"},
				"south": {"uv": [2.5, 8.5, 2.75, 9.25], "texture": "#1"},
				"west": {"uv": [4.5, 2.25, 5.25, 3], "texture": "#1"},
				"up": {"uv": [3, 9.25, 2.75, 8.5], "texture": "#1"},
				"down": {"uv": [3.5, 8.5, 3.25, 9.25], "texture": "#1"}
			}
		},
		{
			"from": [1.5, 4, 13],
			"to": [2, 7, 16],
			"faces": {
				"north": {"uv": [8.5, 3.25, 8.75, 4], "texture": "#1"},
				"east": {"uv": [3, 4.5, 3.75, 5.25], "texture": "#1"},
				"south": {"uv": [3.5, 8.5, 3.75, 9.25], "texture": "#1"},
				"west": {"uv": [4.5, 3, 5.25, 3.75], "texture": "#1"},
				"up": {"uv": [4, 9.25, 3.75, 8.5], "texture": "#1"},
				"down": {"uv": [4.5, 8.5, 4.25, 9.25], "texture": "#1"}
			}
		},
		{
			"from": [1.5, 4, 9],
			"to": [2, 7, 12],
			"faces": {
				"north": {"uv": [8.5, 4.25, 8.75, 5], "texture": "#1"},
				"east": {"uv": [3.75, 4.5, 4.5, 5.25], "texture": "#1"},
				"south": {"uv": [4.5, 8.5, 4.75, 9.25], "texture": "#1"},
				"west": {"uv": [4.5, 3.75, 5.25, 4.5], "texture": "#1"},
				"up": {"uv": [5, 9.25, 4.75, 8.5], "texture": "#1"},
				"down": {"uv": [5.5, 8.5, 5.25, 9.25], "texture": "#1"}
			}
		},
		{
			"from": [1.5, 4, 5],
			"to": [2, 7, 8],
			"faces": {
				"north": {"uv": [7.5, 8.25, 7.75, 9], "texture": "#1"},
				"east": {"uv": [0, 4.5, 0.75, 5.25], "texture": "#1"},
				"south": {"uv": [7.75, 8.25, 8, 9], "texture": "#1"},
				"west": {"uv": [4.5, 0, 5.25, 0.75], "texture": "#1"},
				"up": {"uv": [8.5, 9, 8.25, 8.25], "texture": "#1"},
				"down": {"uv": [0.5, 8.5, 0.25, 9.25], "texture": "#1"}
			}
		},
		{
			"from": [1.5, 0, 5],
			"to": [2, 3, 8],
			"faces": {
				"north": {"uv": [8.5, 5.25, 8.75, 6], "texture": "#1"},
				"east": {"uv": [4.5, 4.5, 5.25, 5.25], "texture": "#1"},
				"south": {"uv": [5.5, 8.5, 5.75, 9.25], "texture": "#1"},
				"west": {"uv": [0, 5.25, 0.75, 6], "texture": "#1"},
				"up": {"uv": [6, 9.25, 5.75, 8.5], "texture": "#1"},
				"down": {"uv": [8.75, 6, 8.5, 6.75], "texture": "#1"}
			}
		},
		{
			"from": [1.5, 0, 9],
			"to": [2, 3, 12],
			"faces": {
				"north": {"uv": [6.5, 8.5, 6.75, 9.25], "texture": "#1"},
				"east": {"uv": [5.25, 0, 6, 0.75], "texture": "#1"},
				"south": {"uv": [6.75, 8.5, 7, 9.25], "texture": "#1"},
				"west": {"uv": [0.75, 5.25, 1.5, 6], "texture": "#1"},
				"up": {"uv": [7.25, 9.25, 7, 8.5], "texture": "#1"},
				"down": {"uv": [8.75, 7, 8.5, 7.75], "texture": "#1"}
			}
		},
		{
			"from": [1.5, 0, 13],
			"to": [2, 3, 16],
			"faces": {
				"north": {"uv": [8.5, 8.25, 8.75, 9], "texture": "#1"},
				"east": {"uv": [5.25, 0.75, 6, 1.5], "texture": "#1"},
				"south": {"uv": [8.75, 0.25, 9, 1], "texture": "#1"},
				"west": {"uv": [1.5, 5.25, 2.25, 6], "texture": "#1"},
				"up": {"uv": [9, 2, 8.75, 1.25], "texture": "#1"},
				"down": {"uv": [9, 2.25, 8.75, 3], "texture": "#1"}
			}
		},
		{
			"from": [13, 8, 9],
			"to": [13.5, 11, 12],
			"faces": {
				"north": {"uv": [5.75, 9.25, 6, 10], "texture": "#1"},
				"east": {"uv": [6.75, 1.5, 7.5, 2.25], "texture": "#1"},
				"south": {"uv": [6.5, 9.25, 6.75, 10], "texture": "#1"},
				"west": {"uv": [2.25, 6.75, 3, 7.5], "texture": "#1"},
				"up": {"uv": [7, 10, 6.75, 9.25], "texture": "#1"},
				"down": {"uv": [7.25, 9.25, 7, 10], "texture": "#1"}
			}
		},
		{
			"from": [13, 8, 13],
			"to": [13.5, 11, 16],
			"faces": {
				"north": {"uv": [4.5, 9.25, 4.75, 10], "texture": "#1"},
				"east": {"uv": [6.75, 0.75, 7.5, 1.5], "texture": "#1"},
				"south": {"uv": [4.75, 9.25, 5, 10], "texture": "#1"},
				"west": {"uv": [1.5, 6.75, 2.25, 7.5], "texture": "#1"},
				"up": {"uv": [5.5, 10, 5.25, 9.25], "texture": "#1"},
				"down": {"uv": [5.75, 9.25, 5.5, 10], "texture": "#1"}
			}
		},
		{
			"from": [13, 4, 13],
			"to": [13.5, 7, 16],
			"faces": {
				"north": {"uv": [3.5, 9.25, 3.75, 10], "texture": "#1"},
				"east": {"uv": [6.75, 0, 7.5, 0.75], "texture": "#1"},
				"south": {"uv": [3.75, 9.25, 4, 10], "texture": "#1"},
				"west": {"uv": [0.75, 6.75, 1.5, 7.5], "texture": "#1"},
				"up": {"uv": [4.5, 10, 4.25, 9.25], "texture": "#1"},
				"down": {"uv": [9.5, 4.25, 9.25, 5], "texture": "#1"}
			}
		},
		{
			"from": [13, 4, 9],
			"to": [13.5, 7, 12],
			"faces": {
				"north": {"uv": [2.5, 9.25, 2.75, 10], "texture": "#1"},
				"east": {"uv": [6, 6, 6.75, 6.75], "texture": "#1"},
				"south": {"uv": [2.75, 9.25, 3, 10], "texture": "#1"},
				"west": {"uv": [0, 6.75, 0.75, 7.5], "texture": "#1"},
				"up": {"uv": [9.5, 3.75, 9.25, 3], "texture": "#1"},
				"down": {"uv": [3.5, 9.25, 3.25, 10], "texture": "#1"}
			}
		},
		{
			"from": [13, 0, 9],
			"to": [13.5, 3, 12],
			"faces": {
				"north": {"uv": [8.5, 9, 8.75, 9.75], "texture": "#1"},
				"east": {"uv": [3.75, 6, 4.5, 6.75], "texture": "#1"},
				"south": {"uv": [9, 8.5, 9.25, 9.25], "texture": "#1"},
				"west": {"uv": [6, 3.75, 6.75, 4.5], "texture": "#1"},
				"up": {"uv": [9, 9.75, 8.75, 9], "texture": "#1"},
				"down": {"uv": [0.5, 9.25, 0.25, 10], "texture": "#1"}
			}
		},
		{
			"from": [13, 0, 13],
			"to": [13.5, 3, 16],
			"faces": {
				"north": {"uv": [7.5, 9, 7.75, 9.75], "texture": "#1"},
				"east": {"uv": [3, 6, 3.75, 6.75], "texture": "#1"},
				"south": {"uv": [7.75, 9, 8, 9.75], "texture": "#1"},
				"west": {"uv": [6, 3, 6.75, 3.75], "texture": "#1"},
				"up": {"uv": [9.25, 8.5, 9, 7.75], "texture": "#1"},
				"down": {"uv": [8.5, 9, 8.25, 9.75], "texture": "#1"}
			}
		},
		{
			"from": [13, 0, 5],
			"to": [13.5, 3, 8],
			"faces": {
				"north": {"uv": [0.5, 9.25, 0.75, 10], "texture": "#1"},
				"east": {"uv": [4.5, 6, 5.25, 6.75], "texture": "#1"},
				"south": {"uv": [9.25, 0.5, 9.5, 1.25], "texture": "#1"},
				"west": {"uv": [6, 4.5, 6.75, 5.25], "texture": "#1"},
				"up": {"uv": [1, 10, 0.75, 9.25], "texture": "#1"},
				"down": {"uv": [1.5, 9.25, 1.25, 10], "texture": "#1"}
			}
		},
		{
			"from": [13, 4, 5],
			"to": [13.5, 7, 8],
			"faces": {
				"north": {"uv": [1.5, 9.25, 1.75, 10], "texture": "#1"},
				"east": {"uv": [5.25, 6, 6, 6.75], "texture": "#1"},
				"south": {"uv": [1.75, 9.25, 2, 10], "texture": "#1"},
				"west": {"uv": [6, 5.25, 6.75, 6], "texture": "#1"},
				"up": {"uv": [9.5, 2.5, 9.25, 1.75], "texture": "#1"},
				"down": {"uv": [2.5, 9.25, 2.25, 10], "texture": "#1"}
			}
		},
		{
			"from": [13, 8, 5],
			"to": [13.5, 11, 8],
			"faces": {
				"north": {"uv": [9.25, 7.75, 9.5, 8.5], "texture": "#1"},
				"east": {"uv": [6.75, 2.25, 7.5, 3], "texture": "#1"},
				"south": {"uv": [9.25, 8.5, 9.5, 9.25], "texture": "#1"},
				"west": {"uv": [3, 6.75, 3.75, 7.5], "texture": "#1"},
				"up": {"uv": [9.25, 10, 9, 9.25], "texture": "#1"},
				"down": {"uv": [9.5, 9.25, 9.25, 10], "texture": "#1"}
			}
		},
		{
			"from": [2, 8, 16],
			"to": [5, 11, 16.5],
			"faces": {
				"north": {"uv": [5.25, 3, 6, 3.75], "texture": "#1"},
				"east": {"uv": [6.25, 8.75, 6.5, 9.5], "texture": "#1"},
				"south": {"uv": [3.75, 5.25, 4.5, 6], "texture": "#1"},
				"west": {"uv": [8, 8.75, 8.25, 9.5], "texture": "#1"},
				"up": {"uv": [9.5, 7.5, 8.75, 7.25], "texture": "#1"},
				"down": {"uv": [9.5, 7.5, 8.75, 7.75], "texture": "#1"}
			}
		},
		{
			"from": [6, 8, 16],
			"to": [9, 11, 16.5],
			"faces": {
				"north": {"uv": [5.25, 3.75, 6, 4.5], "texture": "#1"},
				"east": {"uv": [8.75, 8.25, 9, 9], "texture": "#1"},
				"south": {"uv": [4.5, 5.25, 5.25, 6], "texture": "#1"},
				"west": {"uv": [0, 9, 0.25, 9.75], "texture": "#1"},
				"up": {"uv": [9.75, 0.25, 9, 0], "texture": "#1"},
				"down": {"uv": [9.75, 0.25, 9, 0.5], "texture": "#1"}
			}
		},
		{
			"from": [10, 8, 16],
			"to": [13, 11, 16.5],
			"faces": {
				"north": {"uv": [5.25, 4.5, 6, 5.25], "texture": "#1"},
				"east": {"uv": [9, 0.5, 9.25, 1.25], "texture": "#1"},
				"south": {"uv": [5.25, 5.25, 6, 6], "texture": "#1"},
				"west": {"uv": [1, 9, 1.25, 9.75], "texture": "#1"},
				"up": {"uv": [9.75, 1.5, 9, 1.25], "texture": "#1"},
				"down": {"uv": [9.75, 1.5, 9, 1.75], "texture": "#1"}
			}
		},
		{
			"from": [10, 4, 16],
			"to": [13, 7, 16.5],
			"faces": {
				"north": {"uv": [0, 6, 0.75, 6.75], "texture": "#1"},
				"east": {"uv": [9, 1.75, 9.25, 2.5], "texture": "#1"},
				"south": {"uv": [6, 0, 6.75, 0.75], "texture": "#1"},
				"west": {"uv": [2, 9, 2.25, 9.75], "texture": "#1"},
				"up": {"uv": [9.75, 2.75, 9, 2.5], "texture": "#1"},
				"down": {"uv": [9.75, 2.75, 9, 3], "texture": "#1"}
			}
		},
		{
			"from": [6, 4, 16],
			"to": [9, 7, 16.5],
			"faces": {
				"north": {"uv": [0.75, 6, 1.5, 6.75], "texture": "#1"},
				"east": {"uv": [3, 9, 3.25, 9.75], "texture": "#1"},
				"south": {"uv": [6, 0.75, 6.75, 1.5], "texture": "#1"},
				"west": {"uv": [9, 3, 9.25, 3.75], "texture": "#1"},
				"up": {"uv": [9.75, 4, 9, 3.75], "texture": "#1"},
				"down": {"uv": [9.75, 4, 9, 4.25], "texture": "#1"}
			}
		},
		{
			"from": [2, 4, 16],
			"to": [5, 7, 16.5],
			"faces": {
				"north": {"uv": [5.25, 2.25, 6, 3], "texture": "#1"},
				"east": {"uv": [8.75, 5.75, 9, 6.5], "texture": "#1"},
				"south": {"uv": [3, 5.25, 3.75, 6], "texture": "#1"},
				"west": {"uv": [6, 8.75, 6.25, 9.5], "texture": "#1"},
				"up": {"uv": [9.5, 6.75, 8.75, 6.5], "texture": "#1"},
				"down": {"uv": [9.5, 7, 8.75, 7.25], "texture": "#1"}
			}
		},
		{
			"from": [2, 0, 16],
			"to": [5, 3, 16.5],
			"faces": {
				"north": {"uv": [5.25, 1.5, 6, 2.25], "texture": "#1"},
				"east": {"uv": [8.75, 3.25, 9, 4], "texture": "#1"},
				"south": {"uv": [2.25, 5.25, 3, 6], "texture": "#1"},
				"west": {"uv": [8.75, 4.25, 9, 5], "texture": "#1"},
				"up": {"uv": [9.5, 5.5, 8.75, 5.25], "texture": "#1"},
				"down": {"uv": [9.5, 5.5, 8.75, 5.75], "texture": "#1"}
			}
		},
		{
			"from": [6, 0, 16],
			"to": [9, 3, 16.5],
			"faces": {
				"north": {"uv": [1.5, 6, 2.25, 6.75], "texture": "#1"},
				"east": {"uv": [4, 9, 4.25, 9.75], "texture": "#1"},
				"south": {"uv": [6, 1.5, 6.75, 2.25], "texture": "#1"},
				"west": {"uv": [9, 4.25, 9.25, 5], "texture": "#1"},
				"up": {"uv": [9.75, 5.25, 9, 5], "texture": "#1"},
				"down": {"uv": [9.75, 5.75, 9, 6], "texture": "#1"}
			}
		},
		{
			"from": [10, 0, 16],
			"to": [13, 3, 16.5],
			"faces": {
				"north": {"uv": [2.25, 6, 3, 6.75], "texture": "#1"},
				"east": {"uv": [5, 9, 5.25, 9.75], "texture": "#1"},
				"south": {"uv": [6, 2.25, 6.75, 3], "texture": "#1"},
				"west": {"uv": [7.25, 9, 7.5, 9.75], "texture": "#1"},
				"up": {"uv": [9.75, 6.25, 9, 6], "texture": "#1"},
				"down": {"uv": [9.75, 6.25, 9, 6.5], "texture": "#1"}
			}
		}
	],
	"gui_light": "front",
	"display": {
		"thirdperson_righthand": {
			"rotation": [40, 0, 0],
			"translation": [0, 1.75, 0],
			"scale": [0.3, 0.3, 0.3]
		},
		"thirdperson_lefthand": {
			"rotation": [40, 0, 0],
			"translation": [0, 1.75, 0],
			"scale": [0.3, 0.3, 0.3]
		},
		"firstperson_righthand": {
			"rotation": [0, 108, 0],
			"translation": [2, 1.5, 0],
			"scale": [0.3, 0.3, 0.3]
		},
		"firstperson_lefthand": {
			"rotation": [0, 180, 0],
			"translation": [2, 1.5, 0],
			"scale": [0.3, 0.3, 0.3]
		},
		"ground": {
			"translation": [0, 0.5, 0],
			"scale": [0.5, 0.5, 0.5]
		},
		"gui": {
			"rotation": [0, 180, 0],
			"translation": [-0.25, 2.5, 0]
		},
		"head": {
			"translation": [0.75, 5, -3.25],
			"scale": [1.5, 1.5, 1.5]
		},
		"fixed": {
			"translation": [0.25, 2.75, 0]
		}
	}
}