{
    "parent": "chess:item/piece",
    "elements": [
        {
            "from": [ 3, 0, 3 ],
            "to": [ 13, 3, 13 ],
            "faces": {
                "down": {
                    "texture": "#lower_bottom",
                    "uv": [ 3, 3, 13, 13 ]
                },
                "up": {
                    "texture": "#lower_top",
                    "uv": [ 3, 3, 13, 13 ]
                },
                "north": {
                    "texture": "#lower_front",
                    "uv": [ 3, 13, 13, 16 ]
                },
                "south": {
                    "texture": "#lower_front",
                    "uv": [ 3, 13, 13, 16 ]
                },
                "east": {
                    "texture": "#lower_side",
                    "uv": [ 3, 13, 13, 16 ]
                },
                "west": {
                    "texture": "#lower_side",
                    "uv": [ 3, 13, 13, 16 ]
                }
            }
        },
        {
            "from": [ 4, 3, 4 ],
            "to": [ 12, 5, 12 ],
            "faces": {
                "down": {
                    "texture": "#lower_bottom",
                    "uv": [ 4, 4, 12, 12 ]
                },
                "up": {
                    "texture": "#lower_top",
                    "uv": [ 4, 4, 12, 12 ]
                },
                "north": {
                    "texture": "#lower_front",
                    "uv": [ 4, 11, 12, 13 ]
                },
                "south": {
                    "texture": "#lower_front",
                    "uv": [ 4, 11, 12, 13 ]
                },
                "east": {
                    "texture": "#lower_side",
                    "uv": [ 4, 11, 12, 13 ]
                },
                "west": {
                    "texture": "#lower_side",
                    "uv": [ 4, 11, 12, 13 ]
                }
            }
        },
        {
            "from": [ 5, 5, 5 ],
            "to": [ 11, 6, 11 ],
            "faces": {
                "down": {
                    "texture": "#lower_bottom",
                    "uv": [ 5, 5, 11, 11 ]
                },
                "up": {
                    "texture": "#lower_top",
                    "uv": [ 5, 5, 11, 11 ]
                },
                "north": {
                    "texture": "#lower_front",
                    "uv": [ 5, 10, 11, 11 ]
                },
                "south": {
                    "texture": "#lower_front",
                    "uv": [ 5, 10, 11, 11 ]
                },
                "east": {
                    "texture": "#lower_side",
                    "uv": [ 5, 10, 11, 11 ]
                },
                "west": {
                    "texture": "#lower_side",
                    "uv": [ 5, 10, 11, 11 ]
                }
            }
        },
        {
            "from": [ 6, 6, 6 ],
            "to": [ 10, 16, 10 ],
            "faces": {
                "down": {
                    "texture": "#lower_bottom",
                    "uv": [ 6, 6, 10, 10 ]
                },
                "up": {
                    "texture": "#lower_top",
                    "uv": [ 6, 6, 10, 10 ]
                },
                "north": {
                    "texture": "#lower_front",
                    "uv": [ 6, 0, 10, 10 ]
                },
                "south": {
                    "texture": "#lower_front",
                    "uv": [ 6, 0, 10, 10 ]
                },
                "east": {
                    "texture": "#lower_side",
                    "uv": [ 6, 0, 10, 10 ]
                },
                "west": {
                    "texture": "#lower_side",
                    "uv": [ 6, 0, 10, 10 ]
                }
            }
        },
        {
            "from": [ 5, 10, 5 ],
            "to": [ 11, 12, 11 ],
            "faces": {
                "down": {
                    "texture": "#upper_bottom",
                    "uv": [ 5, 5, 11, 11 ]
                },
                "up": {
                    "texture": "#lower_top",
                    "uv": [ 5, 5, 11, 11 ]
                },
                "north": {
                    "texture": "#lower_front",
                    "uv": [ 5, 4, 11, 6 ]
                },
                "south": {
                    "texture": "#lower_front",
                    "uv": [ 5, 4, 11, 6 ]
                },
                "east": {
                    "texture": "#lower_side",
                    "uv": [ 5, 4, 11, 6 ]
                },
                "west": {
                    "texture": "#lower_side",
                    "uv": [ 5, 4, 11, 6 ]
                }
            }
        },
        {
            "from": [ 5, 14, 5 ],
            "to": [ 11, 15, 11 ],
            "faces": {
                "down": {
                    "texture": "#upper_bottom",
                    "uv": [ 5, 5, 11, 11 ]
                },
                "up": {
                    "texture": "#lower_top",
                    "uv": [ 5, 5, 11, 11 ]
                },
                "north": {
                    "texture": "#lower_front",
                    "uv": [ 5, 1, 11, 2 ]
                },
                "south": {
                    "texture": "#lower_front",
                    "uv": [ 5, 1, 11, 2 ]
                },
                "east": {
                    "texture": "#lower_side",
                    "uv": [ 5, 1, 11, 2 ]
                },
                "west": {
                    "texture": "#lower_side",
                    "uv": [ 5, 1, 11, 2 ]
                }
            }
        },
        {
            "from": [ 7, 15, 10 ],
            "to": [ 9, 16, 11 ],
            "faces": {
                "down": {
                    "texture": "#lower_bottom",
                    "uv": [ 7, 5, 9, 6 ]
                },
                "up": {
                    "texture": "#lower_top",
                    "uv": [ 7, 10, 9, 11 ]
                },
                "north": {
                    "texture": "#lower_front",
                    "uv": [ 7, 0, 9, 1 ]
                },
                "south": {
                    "texture": "#lower_front",
                    "uv": [ 7, 0, 9, 1 ]
                },
                "east": {
                    "texture": "#lower_side",
                    "uv": [ 5, 0, 6, 1 ]
                },
                "west": {
                    "texture": "#lower_side",
                    "uv": [ 10, 0, 11, 1 ]
                }
            }
        },
        {
            "from": [ 10, 15, 10 ],
            "to": [ 11, 16, 11 ],
            "faces": {
                "down": {
                    "texture": "#lower_bottom",
                    "uv": [ 5, 5, 6, 6 ]
                },
                "up": {
                    "texture": "#lower_top",
                    "uv": [ 10, 10, 11, 11 ]
                },
                "north": {
                    "texture": "#lower_front",
                    "uv": [ 5, 0, 6, 1 ]
                },
                "south": {
                    "texture": "#lower_front",
                    "uv": [ 10, 0, 11, 1 ]
                },
                "east": {
                    "texture": "#lower_side",
                    "uv": [ 5, 0, 6, 1 ]
                },
                "west": {
                    "texture": "#lower_side",
                    "uv": [ 10, 0, 11, 1 ]
                }
            }
        },
        {
            "from": [ 5, 15, 10 ],
            "to": [ 6, 16, 11 ],
            "faces": {
                "down": {
                    "texture": "#lower_bottom",
                    "uv": [ 10, 5, 11, 6 ]
                },
                "up": {
                    "texture": "#lower_top",
                    "uv": [ 5, 10, 6, 11 ]
                },
                "north": {
                    "texture": "#lower_front",
                    "uv": [ 10, 0, 11, 1 ]
                },
                "south": {
                    "texture": "#lower_front",
                    "uv": [ 5, 0, 6, 1 ]
                },
                "east": {
                    "texture": "#lower_side",
                    "uv": [ 5, 0, 6, 1 ]
                },
                "west": {
                    "texture": "#lower_side",
                    "uv": [ 10, 0, 11, 1 ]
                }
            }
        },
        {
            "from": [ 5, 15, 5 ],
            "to": [ 11, 16, 10 ],
            "faces": {
                "down": {
                    "texture": "#lower_bottom",
                    "uv": [ 5, 6, 11, 11 ]
                },
                "up": {
                    "texture": "#lower_top",
                    "uv": [ 5, 5, 11, 10 ]
                },
                "north": {
                    "texture": "#lower_front",
                    "uv": [ 5, 0, 11, 1 ]
                },
                "south": {
                    "texture": "#lower_front",
                    "uv": [ 5, 0, 11, 1 ]
                },
                "east": {
                    "texture": "#lower_side",
                    "uv": [ 6, 0, 11, 1 ]
                },
                "west": {
                    "texture": "#lower_side",
                    "uv": [ 5, 0, 10, 1 ]
                }
            }
        },
        {
            "from": [ 6, 16, 6 ],
            "to": [ 10, 23, 10 ],
            "faces": {
                "down": {
                    "texture": "#upper_bottom",
                    "uv": [ 6, 6, 10, 10 ]
                },
                "up": {
                    "texture": "#upper_top",
                    "uv": [ 6, 6, 10, 10 ]
                },
                "north": {
                    "texture": "#upper_front",
                    "uv": [ 6, 9, 10, 16 ]
                },
                "south": {
                    "texture": "#upper_front",
                    "uv": [ 6, 9, 10, 16 ]
                },
                "east": {
                    "texture": "#upper_side",
                    "uv": [ 6, 9, 10, 16 ]
                },
                "west": {
                    "texture": "#upper_side",
                    "uv": [ 6, 9, 10, 16 ]
                }
            }
        },
        {
            "from": [ 5, 16, 5 ],
            "to": [ 11, 18, 10 ],
            "faces": {
                "down": {
                    "texture": "#upper_bottom",
                    "uv": [ 5, 6, 11, 11 ]
                },
                "up": {
                    "texture": "#upper_top",
                    "uv": [ 5, 5, 11, 10 ]
                },
                "north": {
                    "texture": "#upper_front",
                    "uv": [ 5, 14, 11, 16 ]
                },
                "south": {
                    "texture": "#upper_front",
                    "uv": [ 5, 14, 11, 16 ]
                },
                "east": {
                    "texture": "#upper_side",
                    "uv": [ 6, 14, 11, 16 ]
                },
                "west": {
                    "texture": "#upper_side",
                    "uv": [ 5, 14, 10, 16 ]
                }
            }
        },
        {
            "from": [ 10, 16, 10 ],
            "to": [ 11, 18, 11 ],
            "faces": {
                "down": {
                    "texture": "#upper_bottom",
                    "uv": [ 5, 5, 6, 6 ]
                },
                "up": {
                    "texture": "#upper_top",
                    "uv": [ 10, 10, 11, 11 ]
                },
                "north": {
                    "texture": "#upper_front",
                    "uv": [ 5, 14, 6, 16 ]
                },
                "south": {
                    "texture": "#upper_front",
                    "uv": [ 10, 14, 11, 16 ]
                },
                "east": {
                    "texture": "#upper_side",
                    "uv": [ 5, 14, 6, 16 ]
                },
                "west": {
                    "texture": "#upper_side",
                    "uv": [ 10, 14, 11, 16 ]
                }
            }
        },
        {
            "from": [ 5, 16, 10 ],
            "to": [ 6, 18, 11 ],
            "faces": {
                "down": {
                    "texture": "#upper_bottom",
                    "uv": [ 10, 5, 11, 6 ]
                },
                "up": {
                    "texture": "#upper_top",
                    "uv": [ 5, 10, 6, 11 ]
                },
                "north": {
                    "texture": "#upper_front",
                    "uv": [ 10, 14, 11, 16 ]
                },
                "south": {
                    "texture": "#upper_front",
                    "uv": [ 5, 14, 6, 16 ]
                },
                "east": {
                    "texture": "#upper_side",
                    "uv": [ 5, 14, 6, 16 ]
                },
                "west": {
                    "texture": "#upper_side",
                    "uv": [ 10, 14, 11, 16 ]
                }
            }
        },

        {
            "from": [ 9, 17, 10 ],
            "to": [ 10, 18, 11 ],
            "faces": {
                "down": {
                    "texture": "#upper_bottom",
                    "uv": [ 6, 5, 7, 6 ]
                },
                "up": {
                    "texture": "#upper_top",
                    "uv": [ 9, 10, 10, 11 ]
                },
                "north": {
                    "texture": "#upper_front",
                    "uv": [ 6, 14, 7, 15 ]
                },
                "south": {
                    "texture": "#upper_front",
                    "uv": [ 9, 14, 10, 15 ]
                },
                "east": {
                    "texture": "#upper_side",
                    "uv": [ 5, 14, 6, 15 ]
                },
                "west": {
                    "texture": "#upper_side",
                    "uv": [ 10, 14, 11, 15 ]
                }
            }
        },
        {
            "from": [ 6, 17, 10 ],
            "to": [ 7, 18, 11 ],
            "faces": {
                "down": {
                    "texture": "#upper_bottom",
                    "uv": [ 9, 5, 10, 6 ]
                },
                "up": {
                    "texture": "#upper_top",
                    "uv": [ 6, 10, 7, 11 ]
                },
                "north": {
                    "texture": "#upper_front",
                    "uv": [ 9, 14, 10, 15 ]
                },
                "south": {
                    "texture": "#upper_front",
                    "uv": [ 6, 14, 7, 15 ]
                },
                "east": {
                    "texture": "#upper_side",
                    "uv": [ 5, 14, 6, 15 ]
                },
                "west": {
                    "texture": "#upper_side",
                    "uv": [ 10, 14, 11, 15 ]
                }
            }
        },
        {
            "from": [ 6, 15, 10 ],
            "to": [ 10, 18, 10.25 ],
            "faces": {
                "south": {
                    "texture": "#interior",
                    "uv": [ 0, 0, 4, 3 ]
                }
            }
        },
        {
            "from": [ 5, 18, 5 ],
            "to": [ 11, 21, 11 ],
            "faces": {
                "down": {
                    "texture": "#upper_bottom",
                    "uv": [ 5, 5, 11, 11 ]
                },
                "up": {
                    "texture": "#upper_top",
                    "uv": [ 5, 5, 11, 11 ]
                },
                "north": {
                    "texture": "#upper_front",
                    "uv": [ 5, 11, 11, 14 ]
                },
                "south": {
                    "texture": "#upper_front",
                    "uv": [ 5, 11, 11, 14 ]
                },
                "east": {
                    "texture": "#upper_side",
                    "uv": [ 5, 11, 11, 14 ]
                },
                "west": {
                    "texture": "#upper_side",
                    "uv": [ 5, 11, 11, 14 ]
                }
            }
        },
        {
            "from": [ 7, 23, 7 ],
            "to": [ 9, 24, 9 ],
            "faces": {
                "down": {
                    "texture": "#upper_bottom",
                    "uv": [ 7, 7, 9, 9 ]
                },
                "up": {
                    "texture": "#upper_top",
                    "uv": [ 7, 7, 9, 9 ]
                },
                "north": {
                    "texture": "#upper_front",
                    "uv": [ 7, 8, 9, 9 ]
                },
                "south": {
                    "texture": "#upper_front",
                    "uv": [ 7, 8, 9, 9 ]
                },
                "east": {
                    "texture": "#upper_side",
                    "uv": [ 7, 8, 9, 9 ]
                },
                "west": {
                    "texture": "#upper_side",
                    "uv": [ 7, 8, 9, 9 ]
                }
            }
        }
    ]
}