{
    "parent": "chess:item/rook",
    "textures": {
        "lower_bottom": "chess:piece/black/rook/lower/bottom",
        "lower_top": "chess:piece/black/rook/lower/top",
        "lower_front": "chess:piece/black/rook/lower/front",
        "lower_side": "chess:piece/black/rook/lower/side",
        "upper_bottom": "chess:piece/black/rook/upper/bottom",
        "upper_top": "chess:piece/black/rook/upper/top",
        "upper_front": "chess:piece/black/rook/upper/front",
        "upper_side": "chess:piece/black/rook/upper/side"
    }
}