{
    "parent": "chess:item/knight",
    "textures": {
        "lower_bottom": "chess:piece/black/knight/lower/bottom",
        "lower_top": "chess:piece/black/knight/lower/top",
        "lower_north": "chess:piece/black/knight/lower/north",
        "lower_south": "chess:piece/black/knight/lower/south",
        "lower_west": "chess:piece/black/knight/lower/west",
        "lower_east": "chess:piece/black/knight/lower/east",
        "upper_bottom": "chess:piece/black/knight/upper/bottom",
        "upper_top": "chess:piece/black/knight/upper/top",
        "upper_north": "chess:piece/black/knight/upper/north",
        "upper_south": "chess:piece/black/knight/upper/south",
        "upper_west": "chess:piece/black/knight/upper/west",
        "upper_east": "chess:piece/black/knight/upper/east",
        "cross_bottom": "chess:piece/black/knight/cross/bottom",
        "cross_top": "chess:piece/black/knight/cross/top",
        "interior": "minecraft:block/white_wool"
    }
}