{
    "parent": "chess:item/crown",
    "textures": {
        "lower_bottom": "chess:piece/black/crown/lower/bottom",
        "lower_top": "chess:piece/black/crown/lower/top",
        "lower_front": "chess:piece/black/crown/lower/front",
        "lower_side": "chess:piece/black/crown/lower/side",
        "upper_bottom": "chess:piece/black/crown/upper/bottom",
        "upper_top": "chess:piece/black/crown/upper/top",
        "upper_front": "chess:piece/black/crown/upper/front",
        "upper_side": "chess:piece/black/crown/upper/side"
    }
}