{
    "parent": "chess:item/piece",
    "elements": [
        {
            "from": [ 0, 12, 0 ],
            "to": [ 16, 16, 16 ],
            "faces": {
                "down": {
                    "texture": "#lower_bottom",
                    "uv": [ 0, 0, 16, 16 ]
                },
                "up": {
                    "texture": "#lower_top",
                    "uv": [ 0, 0, 16, 16 ]
                },
                "north": {
                    "texture": "#lower_front",
                    "uv": [ 0, 0, 16, 4 ]
                },
                "south": {
                    "texture": "#lower_front",
                    "uv": [ 0, 0, 16, 4 ]
                },
                "east": {
                    "texture": "#lower_side",
                    "uv": [ 0, 0, 16, 4 ]
                },
                "west": {
                    "texture": "#lower_side",
                    "uv": [ 0, 0, 16, 4 ]
                }
            }
        },
        {
            "from": [ 2, 16, 2 ],
            "to": [ 14, 18, 14 ],
            "faces": {
                "down": {
                    "texture": "#lower_bottom",
                    "uv": [ 2, 2, 14, 14 ]
                },
                "up": {
                    "texture": "#lower_top",
                    "uv": [ 2, 2, 14, 14 ]
                },
                "north": {
                    "texture": "#upper_front",
                    "uv": [ 2, 14, 14, 16 ]
                },
                "south": {
                    "texture": "#upper_front",
                    "uv": [ 2, 14, 14, 16 ]
                },
                "east": {
                    "texture": "#upper_side",
                    "uv": [ 2, 14, 14, 16 ]
                },
                "west": {
                    "texture": "#upper_side",
                    "uv": [ 2, 14, 14, 16 ]
                }
            }
        },
        {
            "from": [ 6, 18, 6 ],
            "to": [ 10, 22, 10 ],
            "faces": {
                "down": {
                    "texture": "#upper_bottom",
                    "uv": [ 6, 6, 10, 10 ]
                },
                "up": {
                    "texture": "#upper_top",
                    "uv": [ 6, 6, 10, 10 ]
                },
                "north": {
                    "texture": "#upper_front",
                    "uv": [ 6, 10, 10, 14 ]
                },
                "south": {
                    "texture": "#upper_front",
                    "uv": [ 6, 10, 10, 14 ]
                },
                "east": {
                    "texture": "#upper_side",
                    "uv": [ 6, 10, 10, 14 ]
                },
                "west": {
                    "texture": "#upper_side",
                    "uv": [ 6, 10, 10, 14 ]
                }
            }
        },
		{
            "from": [ 6, 26, 6 ],
            "to": [ 10, 30, 10 ],
            "faces": {
                "down": {
                    "texture": "#upper_bottom",
                    "uv": [ 6, 6, 10, 10 ]
                },
                "up": {
                    "texture": "#upper_top",
                    "uv": [ 6, 6, 10, 10 ]
                },
                "north": {
                    "texture": "#upper_front",
                    "uv": [ 6, 2, 10, 6 ]
                },
                "south": {
                    "texture": "#upper_front",
                    "uv": [ 6, 2, 10, 6 ]
                },
                "east": {
                    "texture": "#upper_side",
                    "uv": [ 6, 2, 10, 6 ]
                },
                "west": {
                    "texture": "#upper_side",
                    "uv": [ 6, 2, 10, 6 ]
                }
            }
        },
        {
            "from": [ 2, 22, 6 ],
            "to": [ 14, 26, 10 ],
            "faces": {
                "down": {
                    "texture": "#upper_bottom",
                    "uv": [ 2, 6, 14, 10 ]
                },
                "up": {
                    "texture": "#upper_top",
                    "uv": [ 2, 6, 14, 10 ]
                },
                "north": {
                    "texture": "#upper_front",
                    "uv": [ 2, 6, 14, 10 ]
                },
                "south": {
                    "texture": "#upper_front",
                    "uv": [ 2, 6, 14, 10 ]
                },
                "east": {
                    "texture": "#upper_side",
                    "uv": [ 6, 6, 10, 10 ]
                },
                "west": {
                    "texture": "#upper_side",
                    "uv": [ 6, 6, 10, 10 ]
                }
            }
        }
    ],
    "display": {
        "head": {
            "translation": [ 0, 0, 0 ],
            "scale": [ 1, 1, 1 ],
            "rotation": [ 0, 180, 0 ]
        },
        "gui": {
            "rotation": [ 30, 225, 0 ],
            "translation": [ 0, -6, 0],
            "scale":[ 0.625, 0.625, 0.625 ]
        },
        "ground": {
            "rotation": [ 0, 0, 0 ],
            "translation": [ 0, 3, 0],
            "scale":[ 0.25, 0.25, 0.25 ]
        },
        "fixed": {
            "rotation": [ 0, 0, 0 ],
            "translation": [ 0, 0, 0],
            "scale":[ 0.5, 0.5, 0.5 ]
        },
        "thirdperson_righthand": {
            "rotation": [ 75, 45, 0 ],
            "translation": [ 0, 2.5, 0],
            "scale": [ 0.375, 0.375, 0.375 ]
        },
        "firstperson_righthand": {
            "rotation": [ 0, 45, 0 ],
            "translation": [ 0, 0, 0 ],
            "scale": [ 0.40, 0.40, 0.40 ]
        },
        "firstperson_lefthand": {
            "rotation": [ 0, 225, 0 ],
            "translation": [ 0, 0, 0 ],
            "scale": [ 0.40, 0.40, 0.40 ]
        }
    }
}