{
    "parent": "chess:item/piece",
    "elements": [
        {
            "from": [ 2, 0, 2 ],
            "to": [ 14, 3, 14 ],
            "faces": {
                "down": {
                    "texture": "#lower_bottom",
                    "uv": [ 2, 2, 14, 14 ]
                },
                "up": {
                    "texture": "#lower_top",
                    "uv": [ 2, 2, 14, 14 ]
                },
                "north": {
                    "texture": "#lower_front",
                    "uv": [ 2, 13, 14, 16 ]
                },
                "south": {
                    "texture": "#lower_front",
                    "uv": [ 2, 13, 14, 16 ]
                },
                "east": {
                    "texture": "#lower_side",
                    "uv": [ 2, 13, 14, 16 ]
                },
                "west": {
                    "texture": "#lower_side",
                    "uv": [ 2, 13, 14, 16 ]
                }
            }
        },
        {
            "from": [ 3, 3, 3 ],
            "to": [ 13, 5, 13 ],
            "faces": {
                "down": {
                    "texture": "#lower_bottom",
                    "uv": [ 3, 3, 13, 13 ]
                },
                "up": {
                    "texture": "#lower_top",
                    "uv": [ 3, 3, 13, 13 ]
                },
                "north": {
                    "texture": "#lower_front",
                    "uv": [ 3, 11, 13, 13 ]
                },
                "south": {
                    "texture": "#lower_front",
                    "uv": [ 3, 11, 13, 13 ]
                },
                "east": {
                    "texture": "#lower_side",
                    "uv": [ 3, 11, 13, 13 ]
                },
                "west": {
                    "texture": "#lower_side",
                    "uv": [ 3, 11, 13, 13 ]
                }
            }
        },
        {
            "from": [ 4, 5, 4 ],
            "to": [ 12, 6, 12 ],
            "faces": {
                "down": {
                    "texture": "#lower_bottom",
                    "uv": [ 4, 4, 12, 12 ]
                },
                "up": {
                    "texture": "#lower_top",
                    "uv": [ 4, 4, 12, 12 ]
                },
                "north": {
                    "texture": "#lower_front",
                    "uv": [ 4, 10, 12, 11 ]
                },
                "south": {
                    "texture": "#lower_front",
                    "uv": [ 4, 10, 12, 11 ]
                },
                "east": {
                    "texture": "#lower_side",
                    "uv": [ 4, 10, 12, 11 ]
                },
                "west": {
                    "texture": "#lower_side",
                    "uv": [ 4, 10, 12, 11 ]
                }
            }
        },
        {
            "from": [ 5, 6, 5 ],
            "to": [ 11, 16, 11 ],
            "faces": {
                "down": {
                    "texture": "#lower_bottom",
                    "uv": [ 5, 5, 11, 11 ]
                },
                "up": {
                    "texture": "#lower_top",
                    "uv": [ 5, 5, 11, 11 ]
                },
                "north": {
                    "texture": "#lower_front",
                    "uv": [ 5, 0, 11, 10 ]
                },
                "south": {
                    "texture": "#lower_front",
                    "uv": [ 5, 0, 11, 10 ]
                },
                "east": {
                    "texture": "#lower_side",
                    "uv": [ 5, 0, 11, 10 ]
                },
                "west": {
                    "texture": "#lower_side",
                    "uv": [ 5, 0, 11, 10 ]
                }
            }
        },
        {
            "from": [ 4, 13, 4 ],
            "to": [ 12, 15, 12 ],
            "faces": {
                "down": {
                    "texture": "#upper_bottom",
                    "uv": [ 4, 4, 12, 12 ]
                },
                "up": {
                    "texture": "#lower_top",
                    "uv": [ 4, 4, 12, 12 ]
                },
                "north": {
                    "texture": "#lower_front",
                    "uv": [ 4, 1, 12, 3 ]
                },
                "south": {
                    "texture": "#lower_front",
                    "uv": [ 4, 1, 12, 3 ]
                },
                "east": {
                    "texture": "#lower_side",
                    "uv": [ 4, 1, 12, 3 ]
                },
                "west": {
                    "texture": "#lower_side",
                    "uv": [ 4, 1, 12, 3 ]
                }
            }
        },
        {
            "from": [ 6, 16, 6 ],
            "to": [ 10, 20, 10 ],
            "faces": {
                "down": {
                    "texture": "#upper_bottom",
                    "uv": [ 6, 6, 10, 10 ]
                },
                "up": {
                    "texture": "#upper_top",
                    "uv": [ 6, 6, 10, 10 ]
                },
                "north": {
                    "texture": "#upper_front",
                    "uv": [ 6, 12, 10, 16 ]
                },
                "south": {
                    "texture": "#upper_front",
                    "uv": [ 6, 12, 10, 16 ]
                },
                "east": {
                    "texture": "#upper_side",
                    "uv": [ 6, 12, 10, 16 ]
                },
                "west": {
                    "texture": "#upper_side",
                    "uv": [ 6, 12, 10, 16 ]
                }
            }
        },
        {
            "from": [ 5, 20, 5 ],
            "to": [ 11, 26, 11 ],
            "faces": {
                "down": {
                    "texture": "#upper_bottom",
                    "uv": [ 5, 5, 11, 11 ]
                },
                "up": {
                    "texture": "#upper_top",
                    "uv": [ 5, 5, 11, 11 ]
                },
                "north": {
                    "texture": "#upper_front",
                    "uv": [ 5, 6, 11, 12 ]
                },
                "south": {
                    "texture": "#upper_front",
                    "uv": [ 5, 6, 11, 12 ]
                },
                "east": {
                    "texture": "#upper_side",
                    "uv": [ 5, 6, 11, 12 ]
                },
                "west": {
                    "texture": "#upper_side",
                    "uv": [ 5, 6, 11, 12 ]
                }
            }
        },
        {
            "from": [ 4, 22, 4 ],
            "to": [ 12, 25, 12 ],
            "faces": {
                "down": {
                    "texture": "#upper_bottom",
                    "uv": [ 4, 4, 12, 12 ]
                },
                "up": {
                    "texture": "#upper_top",
                    "uv": [ 4, 4, 12, 12 ]
                },
                "north": {
                    "texture": "#upper_front",
                    "uv": [ 4, 7, 12, 10 ]
                },
                "south": {
                    "texture": "#upper_front",
                    "uv": [ 4, 7, 12, 10 ]
                },
                "east": {
                    "texture": "#upper_side",
                    "uv": [ 4, 7, 12, 10 ]
                },
                "west": {
                    "texture": "#upper_side",
                    "uv": [ 4, 7, 12, 10 ]
                }
            }
        },
        {
            "from": [ 7, 26, 7 ],
            "to": [ 9, 32, 9 ],
            "faces": {
                "down": {
                    "texture": "#upper_bottom",
                    "uv": [ 7, 7, 9, 9 ]
                },
                "up": {
                    "texture": "#cross_top",
                    "uv": [ 7, 7, 9, 9 ]
                },
                "north": {
                    "texture": "#upper_front",
                    "uv": [ 7, 0, 9, 6 ]
                },
                "south": {
                    "texture": "#upper_front",
                    "uv": [ 7, 0, 9, 6 ]
                },
                "east": {
                    "texture": "#upper_side",
                    "uv": [ 7, 0, 9, 6 ]
                },
                "west": {
                    "texture": "#upper_side",
                    "uv": [ 7, 0, 9, 6 ]
                }
            }
        },
        {
            "from": [ 5, 28, 7 ],
            "to": [ 11, 30, 9 ],
            "faces": {
                "down": {
                    "texture": "#cross_bottom",
                    "uv": [ 5, 7, 11, 9 ]
                },
                "up": {
                    "texture": "#cross_top",
                    "uv": [ 5, 7, 11, 9 ]
                },
                "north": {
                    "texture": "#upper_front",
                    "uv": [ 5, 2, 11, 4 ]
                },
                "south": {
                    "texture": "#upper_front",
                    "uv": [ 5, 2, 11, 4 ]
                },
                "east": {
                    "texture": "#upper_side",
                    "uv": [ 7, 2, 9, 4 ]
                },
                "west": {
                    "texture": "#upper_side",
                    "uv": [ 7, 2, 9, 4 ]
                }
            }
        }
    ]
}