{
    "parent": "chess:item/piece",
    "elements": [
        {
            "from": [ 2, 0, 2 ],
            "to": [ 14, 3, 14 ],
            "faces": {
                "down": {
                    "texture": "#lower_bottom",
                    "uv": [ 2, 2, 14, 14 ]
                },
                "up": {
                    "texture": "#lower_top",
                    "uv": [ 2, 2, 14, 14 ]
                },
                "north": {
                    "texture": "#lower_north",
                    "uv": [ 2, 13, 14, 16 ]
                },
                "south": {
                    "texture": "#lower_south",
                    "uv": [ 2, 13, 14, 16 ]
                },
                "east": {
                    "texture": "#lower_east",
                    "uv": [ 2, 13, 14, 16 ]
                },
                "west": {
                    "texture": "#lower_west",
                    "uv": [ 2, 13, 14, 16 ]
                }
            }
        },
        {
            "from": [ 3, 3, 3 ],
            "to": [ 13, 5, 13 ],
            "faces": {
                "down": {
                    "texture": "#lower_bottom",
                    "uv": [ 3, 3, 13, 13 ]
                },
                "up": {
                    "texture": "#lower_top",
                    "uv": [ 3, 3, 13, 13 ]
                },
                "north": {
                    "texture": "#lower_north",
                    "uv": [ 3, 11, 13, 13 ]
                },
                "south": {
                    "texture": "#lower_south",
                    "uv": [ 3, 11, 13, 13 ]
                },
                "east": {
                    "texture": "#lower_east",
                    "uv": [ 3, 11, 13, 13 ]
                },
                "west": {
                    "texture": "#lower_west",
                    "uv": [ 3, 11, 13, 13 ]
                }
            }
        },
        {
            "from": [ 4, 5, 4 ],
            "to": [ 12, 6, 12 ],
            "faces": {
                "down": {
                    "texture": "#lower_bottom",
                    "uv": [ 4, 4, 12, 12 ]
                },
                "up": {
                    "texture": "#lower_top",
                    "uv": [ 4, 4, 12, 12 ]
                },
                "north": {
                    "texture": "#lower_north",
                    "uv": [ 4, 10, 12, 11 ]
                },
                "south": {
                    "texture": "#lower_south",
                    "uv": [ 4, 10, 12, 11 ]
                },
                "east": {
                    "texture": "#lower_east",
                    "uv": [ 4, 10, 12, 11 ]
                },
                "west": {
                    "texture": "#lower_west",
                    "uv": [ 4, 10, 12, 11 ]
                }
            }
        },
        {
            "from": [ 6, 6, 4 ],
            "to": [ 10, 16, 10 ],
            "faces": {
                "down": {
                    "texture": "#lower_bottom",
                    "uv": [ 6, 6, 10, 12 ]
                },
                "up": {
                    "texture": "#lower_top",
                    "uv": [ 6, 4, 10, 10 ]
                },
                "north": {
                    "texture": "#lower_north",
                    "uv": [ 6, 0, 10, 10 ]
                },
                "south": {
                    "texture": "#lower_south",
                    "uv": [ 6, 0, 10, 10 ]
                },
                "east": {
                    "texture": "#lower_east",
                    "uv": [ 6, 0, 12, 10 ]
                },
                "west": {
                    "texture": "#lower_west",
                    "uv": [ 4, 0, 10, 10 ]
                }
            }
        },
        {
            "from": [ 6, 16, 4 ],
            "to": [ 10, 21, 10 ],
            "faces": {
                "down": {
                    "texture": "#upper_bottom",
                    "uv": [ 6, 6, 10, 12 ]
                },
                "up": {
                    "texture": "#upper_top",
                    "uv": [ 6, 4, 10, 10 ]
                },
                "north": {
                    "texture": "#upper_north",
                    "uv": [ 6, 11, 10, 16 ]
                },
                "south": {
                    "texture": "#upper_south",
                    "uv": [ 6, 11, 10, 16 ]
                },
                "east": {
                    "texture": "#upper_east",
                    "uv": [ 6, 11, 12, 16 ]
                },
                "west": {
                    "texture": "#upper_west",
                    "uv": [ 4, 11, 10, 16 ]
                }
            }
        },
        {
            "from": [ 6, 6, 10 ],
            "to": [ 10, 10, 11 ],
            "faces": {
                "down": {
                    "texture": "#lower_bottom",
                    "uv": [ 6, 5, 10, 6 ]
                },
                "up": {
                    "texture": "#lower_top",
                    "uv": [ 6, 10, 10, 11 ]
                },
                "north": {
                    "texture": "#lower_north",
                    "uv": [ 6, 6, 10, 10 ]
                },
                "south": {
                    "texture": "#lower_south",
                    "uv": [ 6, 6, 10, 10 ]
                },
                "east": {
                    "texture": "#lower_east",
                    "uv": [ 5, 6, 6, 10 ]
                },
                "west": {
                    "texture": "#lower_west",
                    "uv": [ 10, 6, 11, 10 ]
                }
            }
        },
        {
            "from": [ 5, 6, 5 ],
            "to": [ 11, 9, 10 ],
            "faces": {
                "down": {
                    "texture": "#lower_bottom",
                    "uv": [ 5, 6, 11, 11 ]
                },
                "up": {
                    "texture": "#lower_top",
                    "uv": [ 5, 5, 11, 10 ]
                },
                "north": {
                    "texture": "#lower_north",
                    "uv": [ 5, 7, 11, 10 ]
                },
                "south": {
                    "texture": "#lower_south",
                    "uv": [ 5, 7, 11, 10 ]
                },
                "east": {
                    "texture": "#lower_east",
                    "uv": [ 6, 7, 11, 10 ]
                },
                "west": {
                    "texture": "#lower_west",
                    "uv": [ 5, 7, 10, 10 ]
                }
            }
        },
        {
            "from": [ 5, 9, 5 ],
            "to": [ 11, 11, 9 ],
            "faces": {
                "down": {
                    "texture": "#lower_bottom",
                    "uv": [ 5, 7, 11, 11 ]
                },
                "up": {
                    "texture": "#lower_top",
                    "uv": [ 5, 5, 11, 9 ]
                },
                "north": {
                    "texture": "#lower_north",
                    "uv": [ 5, 5, 11, 7 ]
                },
                "south": {
                    "texture": "#lower_south",
                    "uv": [ 5, 5, 11, 7 ]
                },
                "east": {
                    "texture": "#lower_east",
                    "uv": [ 7, 5, 11, 7 ]
                },
                "west": {
                    "texture": "#lower_west",
                    "uv": [ 5, 5, 9, 7 ]
                }
            }
        },
        {
            "from": [ 5, 11, 5 ],
            "to": [ 11, 13, 8 ],
            "faces": {
                "down": {
                    "texture": "#lower_bottom",
                    "uv": [ 5, 8, 11, 11 ]
                },
                "up": {
                    "texture": "#lower_top",
                    "uv": [ 5, 5, 11, 8 ]
                },
                "north": {
                    "texture": "#lower_north",
                    "uv": [ 5, 3, 11, 5 ]
                },
                "south": {
                    "texture": "#lower_south",
                    "uv": [ 5, 3, 11, 5 ]
                },
                "east": {
                    "texture": "#lower_east",
                    "uv": [ 8, 3, 11, 5 ]
                },
                "west": {
                    "texture": "#lower_west",
                    "uv": [ 5, 3, 8, 5 ]
                }
            }
        },
        {
            "from": [ 5, 13, 5 ],
            "to": [ 11, 15, 7 ],
            "faces": {
                "down": {
                    "texture": "#upper_bottom",
                    "uv": [ 5, 9, 11, 11 ]
                },
                "up": {
                    "texture": "#lower_top",
                    "uv": [ 5, 5, 11, 7 ]
                },
                "north": {
                    "texture": "#lower_north",
                    "uv": [ 5, 1, 11, 3 ]
                },
                "south": {
                    "texture": "#lower_south",
                    "uv": [ 5, 1, 11, 3 ]
                },
                "east": {
                    "texture": "#lower_east",
                    "uv": [ 9, 1, 11, 3 ]
                },
                "west": {
                    "texture": "#lower_west",
                    "uv": [ 5, 1, 7, 3 ]
                }
            }
        },
        {
            "from": [ 5, 15, 5 ],
            "to": [ 11, 16, 10 ],
            "faces": {
                "down": {
                    "texture": "#upper_bottom",
                    "uv": [ 5, 6, 11, 11 ]
                },
                "up": {
                    "texture": "#lower_top",
                    "uv": [ 5, 5, 11, 10 ]
                },
                "north": {
                    "texture": "#lower_north",
                    "uv": [ 5, 0, 11, 1 ]
                },
                "south": {
                    "texture": "#lower_south",
                    "uv": [ 5, 0, 11, 1 ]
                },
                "east": {
                    "texture": "#lower_east",
                    "uv": [ 6, 0, 11, 1 ]
                },
                "west": {
                    "texture": "#lower_west",
                    "uv": [ 5, 0, 10, 1 ]
                }
            }
        },
        {
            "from": [ 6, 15, 3 ],
            "to": [ 10, 16, 15 ],
            "faces": {
                "down": {
                    "texture": "#upper_bottom",
                    "uv": [ 6, 1, 10, 13 ]
                },
                "up": {
                    "texture": "#lower_top",
                    "uv": [ 6, 3, 10, 15 ]
                },
                "north": {
                    "texture": "#lower_north",
                    "uv": [ 6, 0, 10, 1 ]
                },
                "south": {
                    "texture": "#lower_south",
                    "uv": [ 6, 0, 10, 1 ]
                },
                "east": {
                    "texture": "#lower_east",
                    "uv": [ 1, 0, 13, 1 ]
                },
                "west": {
                    "texture": "#lower_west",
                    "uv": [ 3, 0, 15, 1 ]
                }
            }
        },
        {
            "from": [ 6, 14, 10 ],
            "to": [ 10, 15, 14 ],
            "faces": {
                "down": {
                    "texture": "#upper_bottom",
                    "uv": [ 6, 2, 10, 6 ]
                },
                "up": {
                    "texture": "#lower_top",
                    "uv": [ 6, 10, 10, 14 ]
                },
                "north": {
                    "texture": "#lower_north",
                    "uv": [ 6, 1, 10, 2 ]
                },
                "south": {
                    "texture": "#lower_south",
                    "uv": [ 6, 1, 10, 2 ]
                },
                "east": {
                    "texture": "#lower_east",
                    "uv": [ 2, 1, 6, 2 ]
                },
                "west": {
                    "texture": "#lower_west",
                    "uv": [ 10, 1, 14, 2 ]
                }
            }
        },
        {
            "from": [ 6, 16, 3 ],
            "to": [ 10, 20, 4 ],
            "faces": {
                "down": {
                    "texture": "#upper_bottom",
                    "uv": [ 6, 12, 10, 13 ]
                },
                "up": {
                    "texture": "#upper_top",
                    "uv": [ 6, 3, 10, 4 ]
                },
                "north": {
                    "texture": "#upper_north",
                    "uv": [ 6, 12, 10, 16 ]
                },
                "south": {
                    "texture": "#upper_south",
                    "uv": [ 6, 12, 10, 16 ]
                },
                "east": {
                    "texture": "#upper_east",
                    "uv": [ 12, 12, 13, 16 ]
                },
                "west": {
                    "texture": "#upper_west",
                    "uv": [ 3, 12, 4, 16 ]
                }
            }
        },
        {
            "from": [ 6, 16, 10 ],
            "to": [ 10, 17, 15 ],
            "faces": {
                "down": {
                    "texture": "#upper_bottom",
                    "uv": [ 6, 1, 10, 6 ]
                },
                "up": {
                    "texture": "#upper_top",
                    "uv": [ 6, 10, 10, 15 ]
                },
                "north": {
                    "texture": "#upper_north",
                    "uv": [ 6, 15, 10, 16 ]
                },
                "south": {
                    "texture": "#upper_south",
                    "uv": [ 6, 15, 10, 16 ]
                },
                "east": {
                    "texture": "#upper_east",
                    "uv": [ 1, 15, 6, 16 ]
                },
                "west": {
                    "texture": "#upper_west",
                    "uv": [ 10, 15, 15, 16 ]
                }
            }
        },
        {
            "from": [ 6, 17, 10 ],
            "to": [ 10, 18, 14 ],
            "faces": {
                "down": {
                    "texture": "#upper_bottom",
                    "uv": [ 6, 2, 10, 6 ]
                },
                "up": {
                    "texture": "#upper_top",
                    "uv": [ 6, 10, 10, 14 ]
                },
                "north": {
                    "texture": "#upper_north",
                    "uv": [ 6, 14, 10, 15 ]
                },
                "south": {
                    "texture": "#upper_south",
                    "uv": [ 6, 14, 10, 15 ]
                },
                "east": {
                    "texture": "#upper_east",
                    "uv": [ 2, 14, 6, 15 ]
                },
                "west": {
                    "texture": "#upper_west",
                    "uv": [ 10, 14, 14, 15 ]
                }
            }
        },
        {
            "from": [ 6, 18, 10 ],
            "to": [ 10, 19, 13 ],
            "faces": {
                "down": {
                    "texture": "#upper_bottom",
                    "uv": [ 6, 3, 10, 6 ]
                },
                "up": {
                    "texture": "#upper_top",
                    "uv": [ 6, 10, 10, 13 ]
                },
                "north": {
                    "texture": "#upper_north",
                    "uv": [ 6, 13, 10, 14 ]
                },
                "south": {
                    "texture": "#upper_south",
                    "uv": [ 6, 13, 10, 14 ]
                },
                "east": {
                    "texture": "#upper_east",
                    "uv": [ 3, 13, 6, 14 ]
                },
                "west": {
                    "texture": "#upper_west",
                    "uv": [ 10, 13, 13, 14 ]
                }
            }
        },
        {
            "from": [ 6, 21, 5 ],
            "to": [ 10, 22, 9 ],
            "faces": {
                "down": {
                    "texture": "#upper_bottom",
                    "uv": [ 6, 7, 10, 11 ]
                },
                "up": {
                    "texture": "#upper_top",
                    "uv": [ 6, 5, 10, 9 ]
                },
                "north": {
                    "texture": "#upper_north",
                    "uv": [ 6, 10, 10, 11 ]
                },
                "south": {
                    "texture": "#upper_south",
                    "uv": [ 6, 10, 10, 11 ]
                },
                "east": {
                    "texture": "#upper_east",
                    "uv": [ 7, 10, 11, 11 ]
                },
                "west": {
                    "texture": "#upper_west",
                    "uv": [ 5, 10, 9, 11 ]
                }
            }
        },
        {
            "from": [ 5, 16, 5 ],
            "to": [ 11, 18, 11 ],
            "faces": {
                "down": {
                    "texture": "#upper_bottom",
                    "uv": [ 5, 5, 11, 11 ]
                },
                "up": {
                    "texture": "#upper_top",
                    "uv": [ 5, 5, 11, 11 ]
                },
                "north": {
                    "texture": "#upper_north",
                    "uv": [ 5, 14, 11, 16 ]
                },
                "south": {
                    "texture": "#upper_south",
                    "uv": [ 5, 14, 11, 16 ]
                },
                "east": {
                    "texture": "#upper_east",
                    "uv": [ 5, 14, 11, 16 ]
                },
                "west": {
                    "texture": "#upper_west",
                    "uv": [ 5, 14, 11, 16 ]
                }
            }
        },
        {
            "from": [ 5, 18, 5 ],
            "to": [ 11, 19, 8 ],
            "faces": {
                "down": {
                    "texture": "#upper_bottom",
                    "uv": [ 5, 8, 11, 11 ]
                },
                "up": {
                    "texture": "#upper_top",
                    "uv": [ 5, 5, 11, 8 ]
                },
                "north": {
                    "texture": "#upper_north",
                    "uv": [ 5, 13, 11, 14 ]
                },
                "south": {
                    "texture": "#upper_south",
                    "uv": [ 5, 13, 11, 14 ]
                },
                "east": {
                    "texture": "#upper_east",
                    "uv": [ 8, 13, 11, 14 ]
                },
                "west": {
                    "texture": "#upper_west",
                    "uv": [ 5, 13, 8, 14 ]
                }
            }
        },
        {
            "from": [ 5, 18, 9 ],
            "to": [ 11, 19, 11 ],
            "faces": {
                "down": {
                    "texture": "#upper_bottom",
                    "uv": [ 5, 5, 11, 7 ]
                },
                "up": {
                    "texture": "#upper_top",
                    "uv": [ 5, 9, 11, 11 ]
                },
                "north": {
                    "texture": "#upper_north",
                    "uv": [ 5, 13, 11, 14 ]
                },
                "south": {
                    "texture": "#upper_south",
                    "uv": [ 5, 13, 11, 14 ]
                },
                "east": {
                    "texture": "#upper_east",
                    "uv": [ 5, 13, 7, 14 ]
                },
                "west": {
                    "texture": "#upper_west",
                    "uv": [ 9, 13, 11, 14 ]
                }
            }
        },
        {
            "from": [ 5, 19, 6 ],
            "to": [ 11, 20, 11 ],
            "faces": {
                "down": {
                    "texture": "#upper_bottom",
                    "uv": [ 5, 5, 11, 10 ]
                },
                "up": {
                    "texture": "#upper_top",
                    "uv": [ 5, 6, 11, 11 ]
                },
                "north": {
                    "texture": "#upper_north",
                    "uv": [ 5, 12, 11, 13 ]
                },
                "south": {
                    "texture": "#upper_south",
                    "uv": [ 5, 12, 11, 13 ]
                },
                "east": {
                    "texture": "#upper_east",
                    "uv": [ 5, 12, 10, 13 ]
                },
                "west": {
                    "texture": "#upper_west",
                    "uv": [ 6, 12, 11, 13 ]
                }
            }
        },
        {
            "from": [ 5, 20, 7 ],
            "to": [ 11, 21, 10 ],
            "faces": {
                "down": {
                    "texture": "#upper_bottom",
                    "uv": [ 5, 6, 11, 9 ]
                },
                "up": {
                    "texture": "#upper_top",
                    "uv": [ 5, 7, 11, 10 ]
                },
                "north": {
                    "texture": "#upper_north",
                    "uv": [ 5, 11, 11, 12 ]
                },
                "south": {
                    "texture": "#upper_south",
                    "uv": [ 5, 11, 11, 12 ]
                },
                "east": {
                    "texture": "#upper_east",
                    "uv": [ 6, 11, 9, 12 ]
                },
                "west": {
                    "texture": "#upper_west",
                    "uv": [ 7, 11, 10, 12 ]
                }
            }
        },
        {
            "from": [ 5.75, 18, 8 ],
            "to": [ 10.25, 19, 9 ],
            "faces": {
                "east": {
                    "texture": "#interior",
                    "uv": [ 0, 0, 1, 1 ]
                },
                "west": {
                    "texture": "#interior",
                    "uv": [ 0, 0, 1, 1 ]
                }
            }
        }
    ]
}