{
    "parent": "chess:item/piece",
    "elements": [
        {
            "from": [ 3, 0, 3 ],
            "to": [ 13, 3, 13 ],
            "faces": {
                "down": {
                    "texture": "#lower_bottom",
                    "uv": [ 3, 3, 13, 13 ]
                },
                "up": {
                    "texture": "#lower_top",
                    "uv": [ 3, 3, 13, 13 ]
                },
                "north": {
                    "texture": "#lower_front",
                    "uv": [ 3, 13, 13, 16 ]
                },
                "south": {
                    "texture": "#lower_front",
                    "uv": [ 3, 13, 13, 16 ]
                },
                "east": {
                    "texture": "#lower_side",
                    "uv": [ 3, 13, 13, 16 ]
                },
                "west": {
                    "texture": "#lower_side",
                    "uv": [ 3, 13, 13, 16 ]
                }
            }
        },
        {
            "from": [ 4, 3, 4 ],
            "to": [ 12, 4, 12 ],
            "faces": {
                "down": {
                    "texture": "#lower_bottom",
                    "uv": [ 4, 4, 12, 12 ]
                },
                "up": {
                    "texture": "#lower_top",
                    "uv": [ 4, 4, 12, 12 ]
                },
                "north": {
                    "texture": "#lower_front",
                    "uv": [ 4, 12, 12, 13 ]
                },
                "south": {
                    "texture": "#lower_front",
                    "uv": [ 4, 12, 12, 13 ]
                },
                "east": {
                    "texture": "#lower_side",
                    "uv": [ 4, 12, 12, 13 ]
                },
                "west": {
                    "texture": "#lower_side",
                    "uv": [ 4, 12, 12, 13 ]
                }
            }
        },
        {
            "from": [ 5, 4, 5 ],
            "to": [ 11, 5, 11 ],
            "faces": {
                "down": {
                    "texture": "#lower_bottom",
                    "uv": [ 5, 5, 11, 11 ]
                },
                "up": {
                    "texture": "#lower_top",
                    "uv": [ 5, 5, 11, 11 ]
                },
                "north": {
                    "texture": "#lower_front",
                    "uv": [ 5, 11, 11, 12 ]
                },
                "south": {
                    "texture": "#lower_front",
                    "uv": [ 5, 11, 11, 12 ]
                },
                "east": {
                    "texture": "#lower_side",
                    "uv": [ 5, 11, 11, 12 ]
                },
                "west": {
                    "texture": "#lower_side",
                    "uv": [ 5, 11, 11, 12 ]
                }
            }
        },
        {
            "from": [ 6, 5, 6 ],
            "to": [ 10, 10, 10 ],
            "faces": {
                "down": {
                    "texture": "#lower_bottom",
                    "uv": [ 6, 6, 10, 10 ]
                },
                "up": {
                    "texture": "#lower_top",
                    "uv": [ 6, 6, 10, 10 ]
                },
                "north": {
                    "texture": "#lower_front",
                    "uv": [ 6, 6, 10, 11 ]
                },
                "south": {
                    "texture": "#lower_front",
                    "uv": [ 6, 6, 10, 11 ]
                },
                "east": {
                    "texture": "#lower_side",
                    "uv": [ 6, 6, 10, 11 ]
                },
                "west": {
                    "texture": "#lower_side",
                    "uv": [ 6, 6, 10, 11 ]
                }
            }
        },
        {
            "from": [ 5, 10, 5 ],
            "to": [ 11, 16, 11 ],
            "faces": {
                "down": {
                    "texture": "#upper_bottom",
                    "uv": [ 5, 5, 11, 11 ]
                },
                "up": {
                    "texture": "#lower_top",
                    "uv": [ 5, 5, 11, 11 ]
                },
                "north": {
                    "texture": "#lower_front",
                    "uv": [ 5, 0, 11, 6 ]
                },
                "south": {
                    "texture": "#lower_front",
                    "uv": [ 5, 0, 11, 6 ]
                },
                "east": {
                    "texture": "#lower_side",
                    "uv": [ 5, 0, 11, 6 ]
                },
                "west": {
                    "texture": "#lower_side",
                    "uv": [ 5, 0, 11, 6 ]
                }
            }
        }
    ]
}