{
    "parent": "chess:item/piece",
    "elements": [
        {
            "from": [ 3, 0, 3 ],
            "to": [ 13, 3, 13 ],
            "faces": {
                "down": {
                    "texture": "#lower_bottom",
                    "uv": [ 3, 3, 13, 13 ]
                },
                "up": {
                    "texture": "#lower_top",
                    "uv": [ 3, 3, 13, 13 ]
                },
                "north": {
                    "texture": "#lower_front",
                    "uv": [ 3, 13, 13, 16 ]
                },
                "south": {
                    "texture": "#lower_front",
                    "uv": [ 3, 13, 13, 16 ]
                },
                "east": {
                    "texture": "#lower_side",
                    "uv": [ 3, 13, 13, 16 ]
                },
                "west": {
                    "texture": "#lower_side",
                    "uv": [ 3, 13, 13, 16 ]
                }
            }
        },
        {
            "from": [ 4, 3, 4 ],
            "to": [ 12, 5, 12 ],
            "faces": {
                "down": {
                    "texture": "#lower_bottom",
                    "uv": [ 4, 4, 12, 12 ]
                },
                "up": {
                    "texture": "#lower_top",
                    "uv": [ 4, 4, 12, 12 ]
                },
                "north": {
                    "texture": "#lower_front",
                    "uv": [ 4, 11, 12, 13 ]
                },
                "south": {
                    "texture": "#lower_front",
                    "uv": [ 4, 11, 12, 13 ]
                },
                "east": {
                    "texture": "#lower_side",
                    "uv": [ 4, 11, 12, 13 ]
                },
                "west": {
                    "texture": "#lower_side",
                    "uv": [ 4, 11, 12, 13 ]
                }
            }
        },
        {
            "from": [ 5, 5, 5 ],
            "to": [ 11, 6, 11 ],
            "faces": {
                "down": {
                    "texture": "#lower_bottom",
                    "uv": [ 5, 5, 11, 11 ]
                },
                "up": {
                    "texture": "#lower_top",
                    "uv": [ 5, 5, 11, 11 ]
                },
                "north": {
                    "texture": "#lower_front",
                    "uv": [ 5, 10, 11, 11 ]
                },
                "south": {
                    "texture": "#lower_front",
                    "uv": [ 5, 10, 11, 11 ]
                },
                "east": {
                    "texture": "#lower_side",
                    "uv": [ 5, 10, 11, 11 ]
                },
                "west": {
                    "texture": "#lower_side",
                    "uv": [ 5, 10, 11, 11 ]
                }
            }
        },
        {
            "from": [ 6, 6, 6 ],
            "to": [ 10, 14, 10 ],
            "faces": {
                "down": {
                    "texture": "#lower_bottom",
                    "uv": [ 6, 6, 10, 10 ]
                },
                "up": {
                    "texture": "#lower_top",
                    "uv": [ 6, 6, 10, 10 ]
                },
                "north": {
                    "texture": "#lower_front",
                    "uv": [ 6, 2, 10, 10 ]
                },
                "south": {
                    "texture": "#lower_front",
                    "uv": [ 6, 2, 10, 10 ]
                },
                "east": {
                    "texture": "#lower_side",
                    "uv": [ 6, 2, 10, 10 ]
                },
                "west": {
                    "texture": "#lower_side",
                    "uv": [ 6, 2, 10, 10 ]
                }
            }
        },
        {
            "from": [ 5, 14, 5 ],
            "to": [ 11, 15, 11 ],
            "faces": {
                "down": {
                    "texture": "#upper_bottom",
                    "uv": [ 5, 5, 11, 11 ]
                },
                "up": {
                    "texture": "#lower_top",
                    "uv": [ 5, 5, 11, 11 ]
                },
                "north": {
                    "texture": "#lower_front",
                    "uv": [ 5, 1, 11, 2 ]
                },
                "south": {
                    "texture": "#lower_front",
                    "uv": [ 5, 1, 11, 2 ]
                },
                "east": {
                    "texture": "#lower_side",
                    "uv": [ 5, 1, 11, 2 ]
                },
                "west": {
                    "texture": "#lower_side",
                    "uv": [ 5, 1, 11, 2 ]
                }
            }
        },
        {
            "from": [ 4, 15, 4 ],
            "to": [ 12, 16, 12 ],
            "faces": {
                "down": {
                    "texture": "#upper_bottom",
                    "uv": [ 4, 4, 12, 12 ]
                },
                "up": {
                    "texture": "#lower_top",
                    "uv": [ 4, 4, 12, 12 ]
                },
                "north": {
                    "texture": "#lower_front",
                    "uv": [ 4, 0, 12, 1 ]
                },
                "south": {
                    "texture": "#lower_front",
                    "uv": [ 4, 0, 12, 1 ]
                },
                "east": {
                    "texture": "#lower_side",
                    "uv": [ 4, 0, 12, 1 ]
                },
                "west": {
                    "texture": "#lower_side",
                    "uv": [ 4, 0, 12, 1 ]
                }
            }
        },
        {
            "from": [ 4, 16, 4 ],
            "to": [ 12, 19, 12 ],
            "faces": {
                "down": {
                    "texture": "#upper_bottom",
                    "uv": [ 4, 4, 12, 12 ]
                },
                "up": {
                    "texture": "#upper_top",
                    "uv": [ 4, 4, 12, 12 ]
                },
                "north": {
                    "texture": "#upper_front",
                    "uv": [ 4, 13, 12, 16 ]
                },
                "south": {
                    "texture": "#upper_front",
                    "uv": [ 4, 13, 12, 16 ]
                },
                "east": {
                    "texture": "#upper_side",
                    "uv": [ 4, 13, 12, 16 ]
                },
                "west": {
                    "texture": "#upper_side",
                    "uv": [ 4, 13, 12, 16 ]
                }
            }
        },



        {
            "from": [ 7, 19, 4 ],
            "to": [ 9, 20, 5 ],
            "faces": {
                "down": {
                    "texture": "#upper_bottom",
                    "uv": [ 7, 11, 9, 12 ]
                },
                "up": {
                    "texture": "#upper_top",
                    "uv": [ 7, 4, 9, 5 ]
                },
                "north": {
                    "texture": "#upper_front",
                    "uv": [ 7, 12, 9, 13 ]
                },
                "south": {
                    "texture": "#upper_front",
                    "uv": [ 7, 12, 9, 13 ]
                },
                "east": {
                    "texture": "#upper_side",
                    "uv": [ 11, 12, 12, 13 ]
                },
                "west": {
                    "texture": "#upper_side",
                    "uv": [ 4, 12, 5, 13 ]
                }
            }
        },
        {
            "from": [ 10, 19, 4 ],
            "to": [ 12, 20, 5 ],
            "faces": {
                "down": {
                    "texture": "#upper_bottom",
                    "uv": [ 4, 11, 6, 12 ]
                },
                "up": {
                    "texture": "#upper_top",
                    "uv": [ 10, 4, 12, 5 ]
                },
                "north": {
                    "texture": "#upper_front",
                    "uv": [ 4, 12, 6, 13 ]
                },
                "south": {
                    "texture": "#upper_front",
                    "uv": [ 10, 12, 12, 13 ]
                },
                "east": {
                    "texture": "#upper_side",
                    "uv": [ 11, 12, 12, 13 ]
                },
                "west": {
                    "texture": "#upper_side",
                    "uv": [ 4, 12, 5, 13 ]
                }
            }
        },
        {
            "from": [ 4, 19, 4 ],
            "to": [ 6, 20, 5 ],
            "faces": {
                "down": {
                    "texture": "#upper_bottom",
                    "uv": [ 10, 11, 12, 12 ]
                },
                "up": {
                    "texture": "#upper_top",
                    "uv": [ 4, 4, 6, 5 ]
                },
                "north": {
                    "texture": "#upper_front",
                    "uv": [ 10, 12, 12, 13 ]
                },
                "south": {
                    "texture": "#upper_front",
                    "uv": [ 4, 12, 6, 13 ]
                },
                "east": {
                    "texture": "#upper_side",
                    "uv": [ 11, 12, 12, 13 ]
                },
                "west": {
                    "texture": "#upper_side",
                    "uv": [ 4, 12, 5, 13 ]
                }
            }
        },
        {
            "from": [ 7, 19, 11 ],
            "to": [ 9, 20, 12 ],
            "faces": {
                "down": {
                    "texture": "#upper_bottom",
                    "uv": [ 7, 4, 9, 5 ]
                },
                "up": {
                    "texture": "#upper_top",
                    "uv": [ 7, 11, 9, 12 ]
                },
                "north": {
                    "texture": "#upper_front",
                    "uv": [ 7, 12, 9, 13 ]
                },
                "south": {
                    "texture": "#upper_front",
                    "uv": [ 7, 12, 9, 13 ]
                },
                "east": {
                    "texture": "#upper_side",
                    "uv": [ 4, 12, 5, 13 ]
                },
                "west": {
                    "texture": "#upper_side",
                    "uv": [ 11, 12, 12, 13 ]
                }
            }
        },
        {
            "from": [ 10, 19, 11 ],
            "to": [ 12, 20, 12 ],
            "faces": {
                "down": {
                    "texture": "#upper_bottom",
                    "uv": [ 4, 4, 6, 5 ]
                },
                "up": {
                    "texture": "#upper_top",
                    "uv": [ 10, 11, 12, 12 ]
                },
                "north": {
                    "texture": "#upper_front",
                    "uv": [ 4, 12, 6, 13 ]
                },
                "south": {
                    "texture": "#upper_front",
                    "uv": [ 10, 12, 12, 13 ]
                },
                "east": {
                    "texture": "#upper_side",
                    "uv": [ 4, 12, 5, 13 ]
                },
                "west": {
                    "texture": "#upper_side",
                    "uv": [ 11, 12, 12, 13 ]
                }
            }
        },
        {
            "from": [ 4, 19, 11 ],
            "to": [ 6, 20, 12 ],
            "faces": {
                "down": {
                    "texture": "#upper_bottom",
                    "uv": [ 10, 4, 12, 5 ]
                },
                "up": {
                    "texture": "#upper_top",
                    "uv": [ 4, 11, 6, 12 ]
                },
                "north": {
                    "texture": "#upper_front",
                    "uv": [ 10, 12, 12, 13 ]
                },
                "south": {
                    "texture": "#upper_front",
                    "uv": [ 4, 12, 6, 13 ]
                },
                "east": {
                    "texture": "#upper_side",
                    "uv": [ 4, 12, 5, 13 ]
                },
                "west": {
                    "texture": "#upper_side",
                    "uv": [ 11, 12, 12, 13 ]
                }
            }
        },
        {
            "from": [ 4, 19, 7 ],
            "to": [ 5, 20, 9 ],
            "faces": {
                "down": {
                    "texture": "#upper_bottom",
                    "uv": [ 11, 7, 12, 9 ]
                },
                "up": {
                    "texture": "#upper_top",
                    "uv": [ 4, 7, 5, 9 ]
                },
                "north": {
                    "texture": "#upper_front",
                    "uv": [ 11, 12, 12, 13 ]
                },
                "south": {
                    "texture": "#upper_front",
                    "uv": [ 4, 12, 5, 13 ]
                },
                "east": {
                    "texture": "#upper_side",
                    "uv": [ 7, 12, 9, 13 ]
                },
                "west": {
                    "texture": "#upper_side",
                    "uv": [ 7, 12, 9, 13 ]
                }
            }
        },
        {
            "from": [ 4, 19, 10 ],
            "to": [ 5, 20, 12 ],
            "faces": {
                "down": {
                    "texture": "#upper_bottom",
                    "uv": [ 11, 4, 12, 6 ]
                },
                "up": {
                    "texture": "#upper_top",
                    "uv": [ 4, 10, 5, 12 ]
                },
                "north": {
                    "texture": "#upper_front",
                    "uv": [ 11, 12, 12, 13 ]
                },
                "south": {
                    "texture": "#upper_front",
                    "uv": [ 4, 12, 5, 13 ]
                },
                "east": {
                    "texture": "#upper_side",
                    "uv": [ 4, 12, 6, 13 ]
                },
                "west": {
                    "texture": "#upper_side",
                    "uv": [ 10, 12, 12, 13 ]
                }
            }
        },
        {
            "from": [ 4, 19, 4 ],
            "to": [ 5, 20, 6 ],
            "faces": {
                "down": {
                    "texture": "#upper_bottom",
                    "uv": [ 11, 10, 12, 12 ]
                },
                "up": {
                    "texture": "#upper_top",
                    "uv": [ 4, 4, 5, 6 ]
                },
                "north": {
                    "texture": "#upper_front",
                    "uv": [ 11, 12, 12, 13 ]
                },
                "south": {
                    "texture": "#upper_front",
                    "uv": [ 4, 12, 5, 13 ]
                },
                "east": {
                    "texture": "#upper_side",
                    "uv": [ 10, 12, 12, 13 ]
                },
                "west": {
                    "texture": "#upper_side",
                    "uv": [ 4, 12, 6, 13 ]
                }
            }
        },
        {
            "from": [ 11, 19, 7 ],
            "to": [ 12, 20, 9 ],
            "faces": {
                "down": {
                    "texture": "#upper_bottom",
                    "uv": [ 4, 7, 5, 9 ]
                },
                "up": {
                    "texture": "#upper_top",
                    "uv": [ 11, 7, 12, 9 ]
                },
                "north": {
                    "texture": "#upper_front",
                    "uv": [ 4, 12, 5, 13 ]
                },
                "south": {
                    "texture": "#upper_front",
                    "uv": [ 11, 12, 12, 13 ]
                },
                "east": {
                    "texture": "#upper_side",
                    "uv": [ 7, 12, 9, 13 ]
                },
                "west": {
                    "texture": "#upper_side",
                    "uv": [ 7, 12, 9, 13 ]
                }
            }
        },
        {
            "from": [ 11, 19, 10 ],
            "to": [ 12, 20, 12 ],
            "faces": {
                "down": {
                    "texture": "#upper_bottom",
                    "uv": [ 4, 4, 5, 6 ]
                },
                "up": {
                    "texture": "#upper_top",
                    "uv": [ 11, 10, 12, 12 ]
                },
                "north": {
                    "texture": "#upper_front",
                    "uv": [ 4, 12, 5, 13 ]
                },
                "south": {
                    "texture": "#upper_front",
                    "uv": [ 11, 12, 12, 13 ]
                },
                "east": {
                    "texture": "#upper_side",
                    "uv": [ 4, 12, 6, 13 ]
                },
                "west": {
                    "texture": "#upper_side",
                    "uv": [ 10, 12, 12, 13 ]
                }
            }
        },
        {
            "from": [ 11, 19, 4 ],
            "to": [ 12, 20, 6 ],
            "faces": {
                "down": {
                    "texture": "#upper_bottom",
                    "uv": [ 4, 10, 5, 12 ]
                },
                "up": {
                    "texture": "#upper_top",
                    "uv": [ 11, 4, 12, 6 ]
                },
                "north": {
                    "texture": "#upper_front",
                    "uv": [ 4, 12, 5, 13 ]
                },
                "south": {
                    "texture": "#upper_front",
                    "uv": [ 11, 12, 12, 13 ]
                },
                "east": {
                    "texture": "#upper_side",
                    "uv": [ 10, 12, 12, 13 ]
                },
                "west": {
                    "texture": "#upper_side",
                    "uv": [ 4, 12, 6, 13 ]
                }
            }
        }
    ]
}