{
    "parent": "chess:item/king",
    "textures": {
        "lower_bottom": "chess:piece/white/king/lower/bottom",
        "lower_top": "chess:piece/white/king/lower/top",
        "lower_front": "chess:piece/white/king/lower/front",
        "lower_side": "chess:piece/white/king/lower/side",
        "upper_bottom": "chess:piece/white/king/upper/bottom",
        "upper_top": "chess:piece/white/king/upper/top",
        "upper_front": "chess:piece/white/king/upper/front",
        "upper_side": "chess:piece/white/king/upper/side",
        "cross_bottom": "chess:piece/white/king/cross/bottom",
        "cross_top": "chess:piece/white/king/cross/top"
    }
}