{
    "parent": "chess:item/bishop",
    "textures": {
        "lower_bottom": "chess:piece/white/bishop/lower/bottom",
        "lower_top": "chess:piece/white/bishop/lower/top",
        "lower_front": "chess:piece/white/bishop/lower/front",
        "lower_side": "chess:piece/white/bishop/lower/side",
        "upper_bottom": "chess:piece/white/bishop/upper/bottom",
        "upper_top": "chess:piece/white/bishop/upper/top",
        "upper_front": "chess:piece/white/bishop/upper/front",
        "upper_side": "chess:piece/white/bishop/upper/side",
        "interior": "minecraft:block/black_wool"
    }
}