{
    "parent": "chess:item/queen",
    "textures": {
        "lower_bottom": "chess:piece/white/queen/lower/bottom",
        "lower_top": "chess:piece/white/queen/lower/top",
        "lower_front": "chess:piece/white/queen/lower/front",
        "lower_side": "chess:piece/white/queen/lower/side",
        "upper_bottom": "chess:piece/white/queen/upper/bottom",
        "upper_top": "chess:piece/white/queen/upper/top",
        "upper_front": "chess:piece/white/queen/upper/front",
        "upper_side": "chess:piece/white/queen/upper/side"
    }
}