{
    "credit": "CLMilkshake",

    "parent": "minecraft:item/generated",

    
    "textures": {
        "layer0": "item/leather_horse_armor"
    },


    "overrides":
    [
        
        {
            "predicate":
            {
                "custom_model_data":100
            },
                "model": "custom/Cosmetics"
        },
        {
            "predicate":
            {
                "custom_model_data":101
            },
                "model": "custom/purple"
        },
        {
            "predicate":
            {
                "custom_model_data":102
            },
                "model": "custom/PlayerGUI"
        },
        {
            "predicate":
            {
                "custom_model_data":103
            },
                "model": "custom/SeasonPass"
        }
    ]
}
