{
    "credit": "CLMilkshake",

    "parent": "minecraft:item/generated",

    
    "textures": {
        "layer0": "item/leather_horse_armor"
    },


    "overrides":
    [
        
        {
            "predicate":
            {
                "custom_model_data":100
            },
                "model": "custom/glasses"
        },{
            "predicate":
            {
                "custom_model_data":101
            },
                "model": "custom/ctp_sign"
        }
    ]
}
