{
    "providers": [
        {
            "type": "bitmap",
            "file": "minecraft:font/rank1.png",
            "ascent": -3,
            "height": 8,
            "chars": [
                "\uE010"
            ]
        },
        {
            "type": "bitmap",
            "file": "minecraft:font/blankspace.png",
            "ascent": 10,
            "height": 10000,
            "chars": [
                "\uE000"
            ]
        },
        {
            "type": "bitmap",
            "file": "minecraft:font/CTP.png",
            "ascent": 8,
            "height": 100,
            "chars": [
                "\uE999"
            ]
        },
        {
            "type": "bitmap",
            "file": "minecraft:font/testteam.png",
            "ascent": 8,
            "height": 8,
            "chars": [
                "\uE001"
            ]
        },
        {
            "type": "bitmap",
            "file": "minecraft:font/greenclan.png",
            "ascent": 8,
            "height": 8,
            "chars": [
                "\uE020"
            ]
        },
        {
            "type": "bitmap",
            "file": "minecraft:font/purpleclan.png",
            "ascent": 8,
            "height": 8,
            "chars": [
                "\uE021"
            ]
        },
        {
            "type": "bitmap",
            "file": "minecraft:font/uncommonsecret.png",
            "ascent": 7,
            "height": 7,
            "chars": [
                "\uE030"
            ]
        },
        {
            "type": "bitmap",
            "file": "minecraft:font/raresecret.png",
            "ascent": 7,
            "height": 7,
            "chars": [
                "\uE031"
            ]
        },
        {
            "type": "bitmap",
            "file": "minecraft:font/CLMSprite.png",
            "ascent": 7,
            "height": 7,
            "chars": [
                "\uE101"
            ]
        },
        {
            "type": "bitmap",
            "file": "minecraft:font/ComputerSprite.png",
            "ascent": 7,
            "height": 7,
            "chars": [
                "\uE102"
            ]
        },
        {
            "type": "bitmap",
            "file": "minecraft:font/ZaxsSprite.png",
            "ascent": 7,
            "height": 7,
            "chars": [
                "\uE103"
            ]
        },
        {
            "type": "bitmap",
            "file": "minecraft:font/zaxsteam.png",
            "ascent": 8,
            "height": 8,
            "chars": [
                "\uE022"
            ]
        }
    ]
}