{
    "credit": "CLMilkshake",

    "parent": "minecraft:block/orientable",

    
    "textures": {
        "front": "minecraft:block/carved_pumpkin",
        "side": "minecraft:block/pumpkin_side",
        "top": "minecraft:block/pumpkin_top"
    },


    "overrides":
    [
        
        {
            "predicate":
            {
                "custom_model_data":100
            },
                "model": "custom/christmas_hat"
        },
        {
            "predicate":
            {
                "custom_model_data":101
            },
                "model": "custom/glasses"
        }
    ]
}
