{
    "providers": [
        {
            "type": "bitmap",
            "file": "minecraft:font/blankspace.png",
            "ascent": 10,
            "height": 10000,
            "chars": [
                "\uE000"
            ]
        },
        {
            "type": "bitmap",
            "file": "minecraft:font/coin.png",
            "ascent": 8.9,
            "height": 10,
            "chars": [
                "\uE001"
            ]
        },
        {
            "type": "bitmap",
            "file": "minecraft:font/teams/Red.png",
            "ascent": 7.8,
            "height": 8,
            "chars": [
                "\uE002"
            ]
        },
        {
            "type": "bitmap",
            "file": "minecraft:font/teams/Orange.png",
            "ascent": 7.8,
            "height": 8,
            "chars": [
                "\uE003"
            ]
        },
        {
            "type": "bitmap",
            "file": "minecraft:font/teams/Yellow.png",
            "ascent": 7.8,
            "height": 8,
            "chars": [
                "\uE004"
            ]
        },
        {
            "type": "bitmap",
            "file": "minecraft:font/teams/Green.png",
            "ascent": 7.8,
            "height": 8,
            "chars": [
                "\uE005"
            ]
        },
        {
            "type": "bitmap",
            "file": "minecraft:font/teams/Blue.png",
            "ascent": 7.8,
            "height": 8,
            "chars": [
                "\uE006"
            ]
        },
        {
            "type": "bitmap",
            "file": "minecraft:font/teams/Purple.png",
            "ascent": 7.8,
            "height": 8,
            "chars": [
                "\uE007"
            ]
        }
    ]
}