{
	"credit": "Made with Blockbench",
	"parent": "dead_bush",
	"texture_size": [64, 64],
	"textures": {
		"0": "custom/kiahStatue",
		"particle": "custom/kiahStatue"
	},
	"elements": [
		{
			"name": "tail",
			"from": [7, 19, 4],
			"to": [9, 21, 12],
			"rotation": {"angle": 45, "axis": "x", "origin": [0, 0, 0]},
			"faces": {
				"north": {"uv": [4.25, 6.5, 4.75, 7], "texture": "#0"},
				"east": {"uv": [2.25, 6.5, 4.25, 7], "texture": "#0"},
				"south": {"uv": [6.75, 6.5, 7.25, 7], "texture": "#0"},
				"west": {"uv": [4.75, 6.5, 6.75, 7], "texture": "#0"},
				"up": {"uv": [4.75, 6.5, 4.25, 4.5], "texture": "#0"},
				"down": {"uv": [5.25, 4.5, 4.75, 6.5], "texture": "#0"}
			}
		},
		{
			"name": "leg4",
			"from": [4.5, 0, 3],
			"to": [6.5, 7, 5],
			"faces": {
				"north": {"uv": [0.5, 5, 1, 6.75], "texture": "#0"},
				"east": {"uv": [0, 5, 0.5, 6.75], "texture": "#0"},
				"south": {"uv": [1.5, 5, 2, 6.75], "texture": "#0"},
				"west": {"uv": [1, 5, 1.5, 6.75], "texture": "#0"},
				"up": {"uv": [1, 5, 0.5, 4.5], "texture": "#0"},
				"down": {"uv": [1.5, 4.5, 1, 5], "texture": "#0"}
			}
		},
		{
			"name": "leg3",
			"from": [9.5, 0, 3],
			"to": [11.5, 7, 5],
			"faces": {
				"north": {"uv": [0.5, 5, 1, 6.75], "texture": "#0"},
				"east": {"uv": [0, 5, 0.5, 6.75], "texture": "#0"},
				"south": {"uv": [1.5, 5, 2, 6.75], "texture": "#0"},
				"west": {"uv": [1, 5, 1.5, 6.75], "texture": "#0"},
				"up": {"uv": [1, 5, 0.5, 4.5], "texture": "#0"},
				"down": {"uv": [1.5, 4.5, 1, 5], "texture": "#0"}
			}
		},
		{
			"name": "leg2",
			"from": [5, 0, 14],
			"to": [7, 7, 16],
			"faces": {
				"north": {"uv": [0.5, 5, 1, 6.75], "texture": "#0"},
				"east": {"uv": [0, 5, 0.5, 6.75], "texture": "#0"},
				"south": {"uv": [1.5, 5, 2, 6.75], "texture": "#0"},
				"west": {"uv": [1, 5, 1.5, 6.75], "texture": "#0"},
				"up": {"uv": [1, 5, 0.5, 4.5], "texture": "#0"},
				"down": {"uv": [1.5, 4.5, 1, 5], "texture": "#0"}
			}
		},
		{
			"name": "leg1",
			"from": [9, 0, 14],
			"to": [11, 7, 16],
			"faces": {
				"north": {"uv": [0.5, 5, 1, 6.75], "texture": "#0"},
				"east": {"uv": [0, 5, 0.5, 6.75], "texture": "#0"},
				"south": {"uv": [1.5, 5, 2, 6.75], "texture": "#0"},
				"west": {"uv": [1, 5, 1.5, 6.75], "texture": "#0"},
				"up": {"uv": [1, 5, 0.5, 4.5], "texture": "#0"},
				"down": {"uv": [1.5, 4.5, 1, 5], "texture": "#0"}
			}
		},
		{
			"name": "mane_rotation",
			"from": [4.5, 7, 10],
			"to": [11.5, 13, 18],
			"faces": {
				"north": {"uv": [7.25, 2, 9, 3.5], "texture": "#0"},
				"east": {"uv": [5.25, 2, 7.25, 3.5], "texture": "#0"},
				"south": {"uv": [11, 2, 12.75, 3.5], "texture": "#0"},
				"west": {"uv": [9, 2, 11, 3.5], "texture": "#0"},
				"up": {"uv": [9, 2, 7.25, 0], "texture": "#0"},
				"down": {"uv": [10.75, 0, 9, 2], "texture": "#0"}
			}
		},
		{
			"name": "body_rotation",
			"from": [4, 7, 3],
			"to": [12, 14, 10],
			"faces": {
				"north": {"uv": [6.25, 5.25, 8.25, 7], "texture": "#0"},
				"east": {"uv": [4.5, 5.25, 6.25, 7], "texture": "#0"},
				"south": {"uv": [10, 5.25, 12, 7], "texture": "#0"},
				"west": {"uv": [8.25, 5.25, 10, 7], "texture": "#0"},
				"up": {"uv": [8.25, 5.25, 6.25, 3.5], "texture": "#0"},
				"down": {"uv": [10.25, 3.5, 8.25, 5.25], "texture": "#0"}
			}
		},
		{
			"name": "head",
			"from": [6.5, 7.52, -4],
			"to": [9.5, 10.52, 0],
			"faces": {
				"north": {"uv": [1, 3.5, 1.75, 4.25], "texture": "#0"},
				"east": {"uv": [0, 3.5, 1, 4.25], "texture": "#0"},
				"south": {"uv": [2.75, 3.5, 3.5, 4.25], "texture": "#0"},
				"west": {"uv": [1.75, 3.5, 2.75, 4.25], "texture": "#0"},
				"up": {"uv": [1.75, 3.5, 1, 2.5], "texture": "#0"},
				"down": {"uv": [2.5, 2.5, 1.75, 3.5], "texture": "#0"}
			}
		},
		{
			"name": "head",
			"from": [11, 9.5, 1],
			"to": [13, 13.5, 2],
			"faces": {
				"north": {"uv": [4.25, 3.75, 4.75, 4.75], "texture": "#0"},
				"east": {"uv": [4, 3.75, 4.25, 4.75], "texture": "#0"},
				"south": {"uv": [5, 3.75, 5.5, 4.75], "texture": "#0"},
				"west": {"uv": [4.75, 3.75, 5, 4.75], "texture": "#0"},
				"up": {"uv": [4.75, 3.75, 4.25, 3.5], "texture": "#0"},
				"down": {"uv": [5.25, 3.5, 4.75, 3.75], "texture": "#0"}
			}
		},
		{
			"name": "head",
			"from": [3, 9.5, 1],
			"to": [5, 13.5, 2],
			"faces": {
				"north": {"uv": [4.25, 3.75, 4.75, 4.75], "texture": "#0"},
				"east": {"uv": [4, 3.75, 4.25, 4.75], "texture": "#0"},
				"south": {"uv": [5, 3.75, 5.5, 4.75], "texture": "#0"},
				"west": {"uv": [4.75, 3.75, 5, 4.75], "texture": "#0"},
				"up": {"uv": [4.75, 3.75, 4.25, 3.5], "texture": "#0"},
				"down": {"uv": [5.25, 3.5, 4.75, 3.75], "texture": "#0"}
			}
		},
		{
			"name": "head",
			"from": [5, 7.5, -1],
			"to": [11, 13.5, 3],
			"faces": {
				"north": {"uv": [1, 1, 2.5, 2.5], "texture": "#0"},
				"east": {"uv": [0, 1, 1, 2.5], "texture": "#0"},
				"south": {"uv": [3.5, 1, 5, 2.5], "texture": "#0"},
				"west": {"uv": [2.5, 1, 3.5, 2.5], "texture": "#0"},
				"up": {"uv": [2.5, 1, 1, 0], "texture": "#0"},
				"down": {"uv": [4, 0, 2.5, 1], "texture": "#0"}
			}
		}
	],
	"display": {
		"thirdperson_righthand": {
			"rotation": [0, 25, 0],
			"translation": [0, 0, 0.75],
			"scale": [0.3, 0.3, 0.3]
		},
		"thirdperson_lefthand": {
			"rotation": [0, 25, 0],
			"translation": [0, 0, 0.75],
			"scale": [0.3, 0.3, 0.3]
		},
		"firstperson_righthand": {
			"rotation": [0, 130, 0],
			"translation": [2.25, 2.25, 1],
			"scale": [0.3, 0.3, 0.3]
		},
		"firstperson_lefthand": {
			"rotation": [0, 130, 0],
			"translation": [2.25, 2.25, 1],
			"scale": [0.3, 0.3, 0.3]
		},
		"ground": {
			"translation": [0, 4, 0]
		},
		"gui": {
			"rotation": [0, 164, 0]
		},
		"head": {
			"translation": [0, 12.25, -1.25]
		},
		"fixed": {
			"rotation": [90, 0.8, 0],
			"translation": [0, 4.75, 67],
			"scale": [4, 4, 4]
		}
	}
}