{
    "providers": [
        {
            "type": "bitmap",
            "file": "minecraft:font/blankspace.png",
            "ascent": 10,
            "height": 10000,
            "chars": [
                "\uE000"
            ]
        },
        {
            "type": "bitmap",
            "file": "minecraft:font/coin.png",
            "ascent": 8.9,
            "height": 10,
            "chars": [
                "\uE001"
            ]
        },
        {
            "type": "bitmap",
            "file": "minecraft:font/zaxsteam.png",
            "ascent": 7.8,
            "height": 8,
            "chars": [
                "\uE002"
            ]
        }
    ]
}